subject,ifovrpdn1720_2017г.,ifovrpdn1720_2018г.,ifovrpdn1720_2019г.,ifovrpdn1720_2020г.,ifovrpdn0516_2005г.,ifovrpdn0516_2006г.,ifovrpdn0516_2007г.,ifovrpdn0516_2008г.,ifovrpdn0516_2009г.,ifovrpdn0516_2010г.,ifovrpdn0516_2011г.,ifovrpdn0516_2012г.,ifovrpdn0516_2013г.,ifovrpdn0516_2014г.,ifovrpdn0516_2015г.,ifovrpdn0516_2016г.,rsvrp1620_2016г.,rsvrp1620_2017г.,rsvrp1620_2018г.,rsvrp1620_2019г.,rsvrp1620_2020г.,rsvrp9815_1998г.,rsvrp9815_1999г.,rsvrp9815_2000г.,rsvrp9815_2001г.,rsvrp9815_2002г.,rsvrp9815_2003г.,rsvrp9815_2004г.,rsvrp9815_2005г.,rsvrp9815_2006г.,rsvrp9815_2007г.,rsvrp9815_2008г.,rsvrp9815_2009г.,rsvrp9815_2010г.,rsvrp9815_2011г.,rsvrp9815_2012г.,rsvrp9815_2013г.,rsvrp9815_2014г.,rsvrp9815_2015г.,ifovrp1720_2017г.,ifovrp1720_2018г.,ifovrp1720_2019г.,ifovrp1720_2020г.,ifovrp0516_1998г.,ifovrp0516_1999г.,ifovrp0516_2000г.,ifovrp0516_2001г.,ifovrp0516_2002г.,ifovrp0516_2003г.,ifovrp0516_2004г.,ifovrp0516_2005г.,ifovrp0516_2006г.,ifovrp0516_2007г.,ifovrp0516_2008г.,ifovrp0516_2009г.,ifovrp0516_2010г.,ifovrp0516_2011г.,ifovrp0516_2012г.,ifovrp0516_2013г.,ifovrp0516_2014г.,ifovrp0516_2015г.,ifovrp0516_2016г.,vrpdn1620_2016г.,vrpdn1620_2017г.,vrpdn1620_2018г.,vrpdn1620_2019г.,vrpdn1620_2020г.,vrpdn9815_1998г.,vrpdn9815_1999г.,vrpdn9815_2000г.,vrpdn9815_2001г.,vrpdn9815_2002г.,vrpdn9815_2003г.,vrpdn9815_2004г.,vrpdn9815_2005г.,vrpdn9815_2006г.,vrpdn9815_2007г.,vrpdn9815_2008г.,vrpdn9815_2009г.,vrpdn9815_2010г.,vrpdn9815_2011г.,vrpdn9815_2012г.,vrpdn9815_2013г.,vrpdn9815_2014г.,vrpdn9815_2015г.,vrp1620_2016г.,vrp1620_2017г.,vrp1620_2018г.,vrp1620_2019г.,vrp1620_2020г.,vrp9815_1998г.,vrp9815_1999г.,vrp9815_2000г.,vrp9815_2001г.,vrp9815_2002г.,vrp9815_2003г.,vrp9815_2004г.,vrp9815_2005г.,vrp9815_2006г.,vrp9815_2007г.,vrp9815_2008г.,vrp9815_2009г.,vrp9815_2010г.,vrp9815_2011г.,vrp9815_2012г.,vrp9815_2013г.,vrp9815_2014г.,vrp9815_2015г.
Центральный федеральный округ,101.6,102.6,101.6,99.4,109.6,109.7,108.8,107.4,89.0,102.8,104.5,103.4,101.2,100.4,98.9,101.0,35.099999999999994,34.9,34.5,34.9,35.9,28.169553203795335,31.115170173399502,32.00563097831306,31.286221573259805,32.93207084888113,33.29921378167997,33.06348556370015,34.9,35.5,36.3,37.4,35.7,35.7,35.4,35.0,35.5,35.3,34.5,101.9,102.8,101.8,99.2,94.6,106.2,114.9,103.6,107.6,108.7,107.4,109.8,109.9,108.9,107.5,89.2,103,104.8,103.7,101.6,100.8,99.3,101.3,663881.8,711031.6,792780.9,840986.7,854978.5,16564.4,31118.7,48205,58851.5,75739.2,94244.6,121487.7,164887.9,208806.5,267272.1,331472.2,297793,350204.2,417288.1,451517.2,494482.7,536607.9,580706.6,25995587.5,27915455.0,31191756.5,33139758.1,33636785.5,634372,1190894.4000000001,1841498.9,2243525,2878664.5,3577142.5,4617086.1,6278359.199999999,7965169.5,10208917.7,12674395.399999999,11405184,13444440.100000001,16062123.8,17432294.6,19160905.7,20866362.0,22663758.1
Белгородская область,104.0,102.6,102.0,100.3,107.5,111.2,112.9,111.9,101.1,109.6,110.9,105.2,102.7,102.6,102.8,103.2,1.1,1.0,1.0,1.0,1.1,0.8101990361804235,0.837665392381803,0.7312634944267589,0.6964443099887127,0.7139095653841973,0.7079827137327571,0.8192981800584224,0.8,0.8,0.8,0.9,1.0,1.0,1.1,1.1,1.1,1.0,1.1,104.0,102.4,102.0,100.1,96.4,111.1,113.5,102.3,103.9,107.4,105.8,107.4,111.3,113.2,112.3,101.5,109.8,111,105.5,103.0,102.8,103.0,103.4,501467.8,539720.5,588641.5,617024.6,646569.0,12242.8,21398,27969.5,33126.7,41327.4,50271.4,75629.4,95911.2,118211.4,156225.1,208548.1,199046.1,260015.6,331010.0,354570.6,368874.8,400820.8,447619.7,778027.8,837306.8,911597.9,955329.2,999081.6,18245.5,32060.6,42074.5,49941.8,62404.4,76054.5,114409.3,144987.8,178846.1,237013.3,317656.3,304345.3,398361.4,507839.8,545517.2,569006.4,619677.7,693379.4
Брянская область,104.5,103.8,103.1,100.3,107.2,108.2,112.4,106.9,91.8,105.2,109.2,109.3,101.9,104.3,102.2,100.8,0.4,0.4,0.4,0.4,0.4,0.49073758507800364,0.43918868164359626,0.4284307780096453,0.4198916960752943,0.4275616380836211,0.4068011358293803,0.36524122424306193,0.4,0.4,0.4,0.4,0.4,0.4,0.4,0.4,0.4,0.4,0.4,103.9,103.0,102.3,99.6,100.9,95.6,115.5,104.5,105.4,108,103.8,105.9,106.9,111.4,106.2,91.2,104.5,108.2,108.3,101.0,103.5,101.5,100.3,258752.7,280630.1,304547.1,333612.6,347204.5,7659.1,11752.4,17413.5,21511.9,27020,31953.4,37719.1,49923.4,62187.8,78518.8,96885.4,98014.5,114777.6,137187.1,164726.6,175865.0,196096.7,221080.0,316489.4,341177.8,367157.1,399113.8,412335.5,11051.3,16809.4,24650.5,30110.3,37374.1,43700.3,51003.4,66692.3,82100.4,102706.2,125834.4,126477.4,147024,174211.8,207397.5,219502.8,242722.4,271782.5
Владимирская область,101.4,101.4,107.2,100.7,101,108,114.8,101.8,95.4,107.3,103.5,102.9,102.1,101.4,99.0,101.2,0.6,0.6,0.5,0.6,0.6,0.6632792734385667,0.6396289049767916,0.5738544410494336,0.5867464312559636,0.5761198620897187,0.5754623353931696,0.5314048774670884,0.5,0.5,0.5,0.5,0.6,0.6,0.6,0.6,0.6,0.6,0.6,100.7,100.5,106.4,99.8,94.7,107,111.9,102.2,103.6,105.8,105.2,100.2,107.2,114,101.2,94.8,106.7,102.9,102.2,101.4,100.8,98.4,100.6,309713.7,325043.1,349856.4,393135.2,410443.6,9350.2,15457.1,21073.3,27170,32923.6,40809.4,49353.4,58261,76184.8,99682.5,119941.8,127815.1,155494.2,181842.6,200456.4,216320.8,232757.6,262945.5,431549.8,449849.2,480027.8,535493.4,554204.3,14936.9,24481,33017.7,42075.4,50359.9,61818.6,74207,86926.8,112841.7,146663,175395.7,185824.6,224759.2,261222.6,286018.6,306641.4,328064.2,368489.2
Воронежская область,102.4,102.9,101.5,97.9,106.4,107.8,113.2,108.3,96.5,101.3,111.5,109.4,102.3,105.9,100.4,101.3,1.1,1.1,1.1,1.1,1.1,0.9938776031288057,0.9478766846890252,0.8607356040271747,0.8369106977771844,0.9495368792490642,0.9322226205701649,0.8392655176389942,0.7,0.7,0.8,0.8,0.9,0.9,1.0,1.1,1.1,1.2,1.2,102.4,102.7,101.3,97.4,92.4,107.1,108.5,100.6,101.4,110.4,101.6,106.3,107.6,112.9,108,96.3,101.2,111.4,109.3,102.2,105.9,100.5,101.4,354657.9,374125.7,408140.7,430689.9,459629.5,9082.1,14808.3,20365.1,24905.4,34789.6,42237.5,49530,56534.5,70492.7,94849.5,122591.1,129112.5,148432.6,203575.5,241947.4,262578.3,308004.7,345566.8,827928.6,873429.4,951292.3,1001790.3,1063999.2,22381.9,36278.8,49523.9,60014.6,83001.1,100143.3,117197.6,133586.6,166176.5,222811.9,287072.1,301729.1,346568.2,474973.9,563965.4,611720.4,717667.2,805969.6
Ивановская область,100.2,102.4,103.4,102.2,106.2,108.3,113.3,100.6,93.8,102.5,101.2,96.9,105.6,90.4,101.9,97.1,0.3,0.3,0.19999999999999998,0.3,0.3,0.36760580423205824,0.3068316657197602,0.2937254882604006,0.30924554929695547,0.308667468263466,0.309190943909276,0.2875860907482015,0.3,0.2,0.3,0.3,0.3,0.3,0.3,0.3,0.3,0.3,0.3,99.5,101.5,102.5,101.3,86.1,105,112.4,100.8,102.3,106.1,107.1,104.8,107,112.3,99.9,93.2,101.8,100.6,96.4,105.1,89.9,101.3,96.4,200504.4,208522.0,230325.5,254801.2,273821.5,6804.5,9765.2,14240,18947.2,23396.9,29192.4,35732.7,40039.1,50271.5,68865.7,80708.5,81286.7,103280,121945.5,129448.3,151263.6,146032.6,174687.5,205818.6,212464.7,232493.6,254968.9,271653.7,8278.4,11743.6,16900,22175.9,26981.3,33214.6,40159.4,44415.4,55090,74752,86980.3,87061.9,109884.5,128905.4,136115.0,158228.7,151876.8,180517.5
Калужская область,105.3,103.0,102.8,99.1,106,107.1,112.9,116.0,93.7,110.4,113.2,109.8,97.4,102.9,94.3,102.5,0.6,0.6,0.6,0.6,0.6,0.44837481724395556,0.41829708111994757,0.4154442877831263,0.44429146959541677,0.4265205933744346,0.45420570980478864,0.4153002841086532,0.4,0.4,0.4,0.4,0.5,0.5,0.5,0.6,0.5,0.6,0.5,105.4,102.7,102.3,98.7,95.1,101.5,107.4,107.8,102.5,107.6,106.2,105.6,106.7,112.6,115.8,93.6,110.1,112.9,109.6,97.2,103.1,94.6,102.7,404538.6,451025.5,502224.2,546488.9,558174.6,9330.4,14891.4,22438,30201.9,35708.4,47136.5,56325.6,69192.2,84317.4,109790.3,147929.5,152611.6,186347.8,232722.0,283299.9,291365.2,324024.4,336353.9,409462.3,457052.5,507632.2,549755.8,559166.5,10097.3,16009.8,23903.3,31860,37283.1,48792.7,57993.8,70953.9,86150.5,111869,150394.4,154946.1,188601.3,234749.0,285256.6,292841.0,326459.5,339760.8
Костромская область,102.9,101.1,102.3,97.0,105.3,108.1,107.8,104.8,90.9,107.2,104.7,104.7,102.7,100.7,99.0,97.3,0.2,0.2,0.2,0.2,0.2,0.37650909034393104,0.3491583201073425,0.2895924751770679,0.3098814466922333,0.29690251904448295,0.27640039096206526,0.27059992543560385,0.3,0.2,0.2,0.2,0.2,0.3,0.3,0.3,0.3,0.2,0.2,102.3,100.3,101.5,96.3,94.9,105.6,106.6,101.5,102.1,104.6,105.1,103.6,106.4,106.5,103.9,90.2,106.3,103.9,104.1,102.3,100.4,98.6,96.8,261963.8,276404.4,299569.1,320813.9,323951.6,10971.7,17450.4,21984.7,29668.3,35109.5,40741.1,52661,63304.4,78226.9,95687.2,119071.5,116856.2,146536.9,175626.6,198142.5,211383.4,223884.2,245940.9,170225.1,178485.6,191812.9,203821.4,204382.3,8478.9,13363.6,16662.2,22221.5,25952.9,29692.1,37787.4,44684.7,54351.1,65700.4,81040.7,78920.7,98130.7,116629.8,130840.4,139015.9,146731.5,160579.8
Курская область,103.0,103.6,103.2,102.6,106.1,106.7,110.5,104.9,96.7,103.8,109.1,105.0,104.3,104.6,102.9,103.7,0.5,0.5,0.5,0.5,0.6,0.6886347665551721,0.5756921420435492,0.5243208527925023,0.5075995177331842,0.5183418807298644,0.5248638824351671,0.5478689974798174,0.5,0.5,0.5,0.5,0.5,0.5,0.5,0.5,0.5,0.5,0.5,102.8,102.9,102.7,102.1,102,100.9,111.4,98.4,107.8,110.5,107.5,104.5,105.2,109.3,104.1,96,103,108.4,104.7,104.2,104.5,102.9,103.9,337963.6,361694.6,405890.2,448533.4,487030.7,11909.9,17093.8,23677.7,28946.1,36545.7,46131.2,63512.1,72995.3,88949.4,111348.4,146276.4,141833.5,171322.1,203676.0,221537.3,242646.1,266769.3,301242.5,379011.3,404759.8,451000.5,495864.4,535854.6,15507.9,22033.9,30167.7,36399.8,45309.4,56383.1,76506.1,86624.9,104035.7,128799,167865.8,161570.9,193648.6,228851.4,248213.1,271542.5,298287.3,336999.4
Липецкая область,101.5,102.6,98.7,103.5,102.2,108.5,108.3,104.0,93.9,104.4,105.3,102.2,103.7,105.3,101.2,101.7,0.7,0.6,0.7,0.6,0.7,0.7282710417843873,0.8101818073507551,0.8354265474588436,0.7052618083008653,0.8075589730091657,0.8959049305011094,1.015290742638728,0.8,0.8,0.7,0.8,0.7,0.7,0.6,0.6,0.6,0.7,0.7,101.2,102.1,98.2,102.8,95.7,103.2,108.3,103.4,110.5,107.8,106.2,101.7,108.2,108,103.6,93.5,104,104.8,101.8,103.4,105.1,101.0,101.6,433560.1,452880.0,526882.4,499274.3,546151.3,13216.6,25079.9,39050.9,41308.6,58065.7,79661.2,117959.2,121376.2,150197.1,176534.6,219135.8,192165.2,211610.6,246213.8,251960.8,271896.2,343840.0,388074.7,501263.5,522266.2,604396.2,570022.9,619216.6,16400.5,31008.7,48067.7,50574.1,70590.5,96241.9,141778.3,145194.4,179057.3,209821.5,259532.2,226662,248544.9,287816.8,293301.3,315685.4,398464.5,448994.3
Московская область,100.6,100.8,104.9,98.2,106.7,107.8,109.6,107.3,89.6,106.5,106.8,107.0,100.9,98.8,101.3,102.0,5.7,5.4,5.1,5.4,5.6,3.64376642306595,3.4273694859571524,3.070971238608753,3.27932844549499,3.5801641949443392,3.8360925509237744,3.8326603770782617,3.9,4.1,4.6,4.9,4.7,4.9,4.8,4.7,4.7,4.6,4.8,101.9,102.0,106.2,98.9,97.7,104.9,106.6,107,104.9,112.2,113.4,107.6,108.7,110.5,108.2,90.4,107.7,108.1,104.8,102.2,100.1,102.6,103.3,570678.7,574838.0,615059.9,679655.1,683845.1,12329.5,19753.4,26687.7,35569.3,47323.5,62023.3,79833.2,104738.3,137092.1,188565.3,237595.8,217339.7,259421.5,304342.6,336650.6,359047.3,381892.9,437249.1,4206506.0,4290261.2,4644635.0,5196136.4,5265389.3,82056.8,131178.3,176693.6,235159.6,312950,412089.3,535204.4,708062.1,934328.9,1295649.9,1645753,1519446.3,1832867.3,2176795.3,2357081.9,2545951.5,2742886.1,3180924.6
Орловская область,99.4,102.1,103.7,101.0,109.5,105.4,107.1,107.2,86.5,104.2,114.2,104.5,102.5,102.1,103.1,98.6,0.3,0.3,0.3,0.3,0.3,0.4221578590372239,0.4128155181011113,0.38515927812077433,0.3852311044971584,0.40792250124559293,0.3916555773779646,0.32971421550262003,0.3,0.3,0.3,0.3,0.3,0.3,0.3,0.3,0.3,0.3,0.3,98.6,101.1,102.8,100.0,107,101,117.3,106.3,104.6,105.2,102.3,107.9,103.9,106,106.3,85.8,103.4,113.3,103.9,101.8,101.4,102.4,97.9,301851.9,307734.4,332418.3,362066.3,390170.2,10641.3,17800.8,25168.4,31676.1,41322.8,49342.3,54740.1,64180.4,79341.5,95387.1,120531.4,113848.8,134533.8,167464.9,187659.7,213218.2,232961.6,273107.5,228583.1,231118.4,247105.5,266655.6,284470.0,9506.9,15800,22160.8,27624.8,35657.4,42073.3,46042.3,53181.9,64801.6,77101.2,96669.9,90623.6,106196.7,131198.2,146103.2,164797.0,178822.5,208237.9
Рязанская область,102.3,100.9,101.9,101.9,106.7,108.8,105.0,104.4,94.1,105.2,109.3,105.3,102.8,99.4,98.6,99.5,0.5,0.5,0.5,0.5,0.4,0.574774836782339,0.5253756784511997,0.48588974038768573,0.5167265976719854,0.5239257699886991,0.5548766636295183,0.5012494212565703,0.5,0.5,0.4,0.4,0.5,0.5,0.5,0.5,0.5,0.5,0.5,101.9,100.3,101.3,101.1,96.4,102.3,113.5,104.2,100,107.4,106.3,105.7,108,104.4,103.8,93.6,104.5,108.6,105.0,102.5,99.0,98.1,99.1,324534.3,351636.4,372321.8,392641.3,412845.1,10000.6,15691,22070.3,29645.8,37164.2,48977.6,58094.5,70665.8,89010.9,102982.5,128211.5,131891.2,154844.8,186187.2,221430.1,244399.3,259732.0,285257.8,366211.3,395276.9,416183.2,436417.7,455596.1,12943.8,20108.1,27956.5,37054.3,45797.5,59607.2,69996,84382.7,105491.9,121305.2,150151.2,153634.1,179127.9,214142.6,253881.6,279286.5,295611.7,323131.8
Смоленская область,103.5,102.6,100.8,100.1,105.7,106.9,109.9,108.5,96.2,108.4,105.3,104.6,105.1,100.9,99.6,98.3,0.4,0.4,0.4,0.4,0.4,0.5164749647809536,0.5373107498859206,0.4890894363870195,0.5022515648584246,0.48238236606628054,0.45693321357016337,0.40183810359804945,0.4,0.4,0.3,0.4,0.4,0.4,0.4,0.4,0.4,0.4,0.4,103.0,102.0,100.0,99.0,91.9,125.6,103.7,106.5,101.1,104.7,102.1,105,106.2,109,107.6,95.4,107.4,104.7,104.2,104.5,100.4,99.1,97.7,296810.1,329679.7,354239.9,372073.3,386274.8,10358.8,18562,25798.1,33575.4,39983.1,47084.3,54178.9,63687,77366.8,94432.4,121012.7,125743.1,156567.3,184184.9,206391.7,232503.7,242884.6,266927.2,283725.5,313615.8,335059.9,349237.6,358466.1,11630.9,20564.9,28140.6,36016.3,42166.1,49085.7,56113.9,65525.6,79043.4,95703.4,121601.3,125348.9,154681.1,180811.5,201817.0,225887.1,234710.1,256706.8
Тамбовская область,101.9,104.6,99.0,101.4,105.6,108.3,111.6,106.8,100.4,97.8,113.7,109.6,109.9,106.3,107.9,96.1,0.4,0.4,0.4,0.4,0.4,0.4383391929981538,0.43766021912404474,0.4064761012776608,0.4335063150886655,0.44499284493403396,0.4363791920208543,0.40657231687298967,0.4,0.4,0.4,0.4,0.4,0.4,0.4,0.4,0.4,0.5,0.5,101.1,103.3,97.7,100.2,99.1,109.2,112.1,109.6,103.1,108.1,104.9,104.5,107.2,110.5,105.8,99.6,97,112.8,108.9,109.2,105.7,106.9,95.1,306725.3,309152.6,343693.1,349773.1,378455.8,7866.9,13514.2,19133.8,25830.2,32858.4,40133.5,49098.8,55573.9,70416.2,94532.5,108653.3,123512,131456.7,159543.0,188418.7,220392.5,268051.7,300289.9,320623.4,320572.4,352202.6,353745.5,378676.80000000005,9871.3,16750.9,23387.3,31086.6,38897.8,46877.7,56775,63614.8,79766.2,106039.6,120836,136323.9,143902.4,173283.1,203331.5,236335.9,285656.5,317213.7
Тверская область,102.0,104.7,99.3,97.5,103.1,112,108.8,108.3,92.2,104.3,106.7,100.6,101.6,99.6,100.2,102.2,0.5,0.5,0.5,0.5,0.5,0.7453005192103385,0.6715672397443104,0.6142356126129966,0.6552309073131855,0.6375838281231982,0.6405007332004874,0.6307617706499029,0.5,0.6,0.5,0.6,0.6,0.6,0.6,0.5,0.6,0.5,0.5,101.2,103.5,98.4,96.6,102,105,106.6,102.7,101.7,109.4,108.1,102,110.7,107.7,107.4,91.5,103.4,105.7,100.0,101.0,98.9,99.4,101.5,305541.0,326017.0,368955.6,386059.1,391722.2,10655.2,16527.4,23073.1,31209.8,37695.3,47233.8,61158.4,68048.7,90517.8,112021.5,139216.2,144257.9,161305,189484.3,200327.2,224621.6,239829.4,251633.2,397438.9,420671.5,471065.5,488367.5,490827.5,16784,25703.4,35341.1,46986.4,55732.6,68805.3,88081.5,96897.4,127363.8,156034.6,192283,197687,219004.9,255073.0,268063.9,298669.2,316613.2,329616.0
Тульская область,104.5,103.9,101.0,104.2,107.6,110.2,113.0,108.2,93.8,104.4,105.9,103.1,105.1,106.4,106.1,104.6,0.7,0.7,0.7,0.7,0.8,0.7944351131394519,0.7473058235336459,0.7310340757022005,0.7375740419543347,0.7483658572479227,0.6726415258650251,0.6310346091399578,0.6,0.6,0.6,0.7,0.7,0.6,0.6,0.6,0.7,0.7,0.7,104.0,103.2,100.1,103.1,96.7,99.7,110.5,103.5,102.1,104.5,106.2,106.5,109.1,112.1,107.4,93.1,103.6,105.3,102.5,104.4,105.8,105.6,104.1,367487.5,397428.0,448896.8,459650.6,486544.2,10084.8,16300.3,24291.8,30988.5,38894.3,43541.9,53715.1,71587.4,88476.2,109225.6,146465.6,136851.6,152571.7,180866.3,202302.5,227925.7,270914.9,316248.5,552308.4,594407.6,666763.0,676822.6,709197.0,17890.5,28602.2,42061.3,52891.2,65416.3,72258,88119.6,116221.2,142240.1,174110.9,231730.8,214925.4,237629.2,279879.3,311240.3,348034.8,411122.3,477537.8
Ярославская область,102.5,103.6,100.6,100.4,107.3,111.7,107.4,101.6,92.4,103.6,107.4,104.6,102.6,101.9,100.4,101.2,0.7,0.7,0.6,0.6,0.7,0.8797290381453634,0.8710250666546829,0.725731374727748,0.8527384070675423,0.8615891934159483,0.8571008368288745,0.8051864863969532,0.7,0.7,0.7,0.6,0.7,0.6,0.6,0.7,0.7,0.7,0.7,102.3,103.2,100.1,99.7,90.1,111.5,107.7,109.7,103.5,104.4,108.3,105.9,110.5,106.5,101.1,91.9,103,107,104.6,102.6,101.9,100.4,101.2,392410.1,421499.3,462207.4,484799.3,495102.2,13911.4,23596.7,29828,44116.3,54917.2,67915.1,84008.1,99335.1,117309.2,143936.4,166711.8,165757.6,187875.5,225777.7,257426.7,285331.7,307827.1,348375.7,498880.3,534549.7,583605.3,609150.8,617593.9,19811.3,33337.4,41756.2,61149.6,75313.4,92073.4,112438.7,131252.1,153251.5,186577.5,214946.3,212684.4,239644,286967.5,327279.6,362861.8,391462.8,443054.1
г.Москва,101.0,102.3,100.4,98.9,110.5,108.8,107.0,106.7,86.4,100.3,101.8,100.1,99.9,99.3,97.0,100.3,20.4,20.7,20.8,20.8,21.2,14.587086238650254,18.160219711914863,20.144250151503265,19.107361262597706,20.220024913687098,20.369998825125425,20.432612423386274,22.9,23.4,23.9,24.3,22.3,22.2,21.9,21.4,21.8,21.6,20.6,101.7,103.2,101.1,99.0,92.9,106.8,118.9,103,110,108.8,107.2,112.5,110.7,108.3,107.7,87.2,101.4,102.8,103.0,101.0,100.2,97.9,101.0,1223881.1,1329055.5,1494938.0,1565396.3,1567644.8,33887.4,70506.5,115630.5,134435.8,171127.8,209174.1,268390.3,381997.1,477873,601146.9,734242,628930.3,730774.2,859355.1,895017.9,980986.6,1051559.6,1102496.4,15121534.2,16538189.5,18777726.0,19797064.3,19856674.5,328497.9,695059.8,1159034,1370182.8,1767476.7,2188231.5,2853272.4,4135154.6,5260232.8,6696259.1,8248652,7126972.4,8375863.8,9948772.8,10666870.5,11814897.4,12779525.7,13520862.9
Северо-Западный федеральный округ,100.5,102.1,101.6,98.1,107.1,108.2,109.3,104.9,95.0,104.3,105.9,103.5,99.8,100.4,101.3,101.5,11.299999999999999,10.85,11.0,10.999999999999998,11.3,10.692158336395458,10.511450992984619,10.054531092806897,9.887438909574303,10.145532101517372,10.156241934722493,10.561799944593023,10.0,9.899999999999999,10.0,9.899999999999999,10.499999999999998,10.299999999999999,10.5,10.399999999999999,10.199999999999998,10.1,10.9,100.9,102.4,101.7,98.0,95.6,107.4,109.7,104.8,108.6,107.1,108.5,106.6,107.7,109,104.7,94.9,104.4,106.1,103.8,100.3,100.9,101.5,101.7,605320.9,632995.7,706615.6,756785.9,762356.7,16592.8,27948.9,40564.9,50157.8,63297.1,78466.3,106667.8,130846.1,160590.9,202974.4,248742.7,251018.3,289611.4,350764.2,383339.4,403612.9,430130.6,520253.4,8399737.4,8814880.8,9865793.3,10577620.1,10644005.4,240785,402312.7,578504.7,709025.1,886843.2,1091026.5,1474882.0000000002,1799780.2,2198608,2770190.2,3388222.1,3415870.7,3943053.6999999997,4785458.7,5247508.500000001,5553389.2,5945311.3,7204794.800000001
Республика Карелия,101.2,101.8,101.0,100.9,109,107,109.8,96.3,88.3,105.3,102.9,101.9,101.1,100.4,100.8,100.5,0.3,0.3,0.3,0.3,0.3,0.4991879359363049,0.5236068423388298,0.4903755716610591,0.4702461238079399,0.47318799647536586,0.4336907855790788,0.38644313808834346,0.4,0.4,0.4,0.3,0.3,0.3,0.3,0.3,0.3,0.3,0.3,100.6,101.1,100.3,100.2,92.8,110.9,108.3,102.8,107.5,101.6,103,106.9,105.1,108.5,95.4,87.6,104.4,102.2,101.5,100.7,100.1,100.4,100.1,394826.9,433433.9,485235.6,517887.9,522245.3,15055.1,27099.9,38539.2,46499.2,57575.7,65708,77509.7,112950.3,125613.2,157959,175465.8,162649.3,186651.2,241688.0,251981.4,281021.6,301818.1,335944.5,248140.4,270802.5,300977.1,319050.0,319388.0,11241.6,20040.4,28214.6,33721.2,41362.4,46588.9,53964.1,77124.8,84228.3,104603.3,115208.2,105924.1,120511.3,154953.7,160841.5,178636.2,191192.1,212049.5
Республика Коми,97.2,99.9,102.1,94.8,106,110.8,101.1,104.6,99.7,104.0,107.0,102.8,97.7,96.6,99.2,99.3,0.8,0.8,0.8,0.8,0.7,1.2934187841574794,1.1446642745139588,1.0336547536011618,1.0915750539794613,0.984066387443985,0.9974378872223364,0.9423168301661464,1.0,1.0,0.9,0.9,0.9,0.9,1.0,1.0,0.9,0.8,0.8,96.3,98.7,100.9,93.8,99.4,96.3,110.1,107.9,96.6,103.9,105.1,104,108.6,99.6,103.3,98.5,102.6,105.7,101.8,96.7,95.7,98.3,98.5,677818.8,719599.3,833270.1,870097.8,749219.3,26798.7,41025,56619.5,75534.6,84101.9,106304.1,132733.1,176075.2,229053.7,256586.2,314251.6,329967.4,390740.4,487363.5,541155.3,550386.2,557641.3,613975.0,578649.1,608574.5,696242.2,718138.7,612136.2,29127.5,43810.6,59473.1,78276.5,86019.4,107149,131588,171307.2,218490.7,241150.5,291812.1,302629.2,353853,435959.3,479051.3,482329.9,484166.5,528403.4
Архангельская область,102.5,100.2,101.0,94.2,110.4,108.6,113.3,100.8,103.0,101.7,102.7,101.5,102.0,102.8,104.0,103.3,1.0,0.9,1.0,0.9,0.8,0.9962577334809073,0.9387215861103778,1.0742166793113466,0.9381536512740358,0.9513409754099292,0.9676708606334662,1.0209222436513028,0.9,1.0,1.0,0.9,1.0,1.0,1.0,0.9,0.9,0.9,0.9,101.7,99.3,100.2,93.5,96.2,111.4,116.4,105.8,101.6,108.2,121.4,109,107.2,112.2,100,102.2,100.8,101.7,100.6,101.1,102.0,103.3,102.6,609484.0,654268.9,753081.9,780455.4,697648.2,15755.3,25622.9,44797.4,49474,61989.4,78507,109045.7,128965.3,169458.4,212908.3,231492.8,260584.7,302801.3,360165.9,391146.2,417776.4,456985.8,532533.7,713043.9,759206.5,865723.3,889974.4,789593.3,22435.5,35928.4,61806.9,67274.7,83158.8,103951.3,142564.7,166433.4,215932.7,268672.1,289755.9,323606.8,372804.8,439116.8,472470.9,500095.1,542695.3,627698.1
Вологодская область,101.2,103.0,100.0,98.8,105.3,105.6,105.7,97.2,87.5,106.2,107.3,105.0,95.9,103.2,101.5,100.4,0.7,0.7,0.7,0.7,0.7,1.054557605482293,1.1750715340054825,1.2026320723622812,0.9123635494576591,0.9235771138195459,1.0011204827499212,1.1556507493741868,1.1,0.9,0.9,0.9,0.7,0.7,0.7,0.7,0.6,0.7,0.7,100.7,102.3,99.3,98.1,95.7,114,107.5,101.9,102.5,104.6,109.6,104.5,104.8,105.1,96.7,87.1,105.7,106.9,104.8,95.7,103.0,101.3,100.1,430041.5,459777.5,525206.6,543570.9,544379.2,18080.3,34471,53432.8,50934.4,63433.6,85259.1,129015.6,156379.7,164130.2,199003,242347.7,176179.2,217826.8,269252.8,296726.1,289782.8,324790.3,402652.1,509931.7,542663.4,615647.7,632759.5,629163.0,23748.4,44974.4,69195.5,65425.3,80731.9,107544.6,161378.6,193966.1,201939.2,243336.3,294926.2,213396.9,262432.7,323067.9,355291.3,346227.6,387211.7,478893.0
Калининградская область,101.2,102.5,100.7,99.4,104.2,115.8,120.0,104.6,91.3,107.3,104.2,104.0,100.1,103.9,97.8,101.3,0.6,0.5,0.5,0.5,0.6,0.37326305436000135,0.4081021054767164,0.4047902212562845,0.4508066288733508,0.4589783081975568,0.4352621256323049,0.47658725653479345,0.5,0.5,0.5,0.5,0.5,0.5,0.5,0.5,0.5,0.5,0.5,102.1,103.3,101.6,100.2,90.6,106.9,115.1,103.2,109.5,109.3,112.6,103.6,115.3,119.9,104.7,91.5,107.6,104.6,104.7,101.0,104.6,98.5,102.2,425021.5,450993.6,494096.4,517150.7,530036.9,8783.5,16270.4,24308.8,33797.4,42019.6,49167.4,70426,87122.8,110255.4,153964,191533.4,180797.2,208193.2,255217.8,279096.9,287695.4,325131.0,359639.7,417094.9,446677.6,493302.4,520951.2,538288.5,8405.8,15619.6,23290.3,32327.2,40120.3,46757.7,66552.1,81837.6,103138.7,143927.7,179266.7,169519.6,195749.1,241004.8,265361.2,275885.8,314088.3,349818.6
Ленинградская область,100.6,102.9,101.1,98.3,109.2,110.9,106.1,105.1,99.2,104.8,105.7,105.3,97.7,99.5,104.2,101.3,1.3,1.2,1.3,1.3,1.3,0.955422511992238,1.0383825678980285,0.9733245811248598,1.0578571523995883,1.083910583091201,1.1284446406054396,1.1919318235477723,1.1,1.2,1.1,1.1,1.3,1.3,1.3,1.3,1.3,1.2,1.3,101.6,104.5,102.8,99.5,93.6,113.7,112.6,108.4,116.2,114.3,108.7,109.6,111.2,106.3,105.3,99.6,105.4,106.5,106.2,98.6,100.2,104.6,101.8,534152.5,556083.1,626840.0,657231.5,661328.6,12708,23516.4,33265.1,45248.2,56738.1,72578.7,99230,122024.2,157122.1,182657.9,226011,252890.9,286435.4,336981.3,385686.5,386177.6,397419.3,478065.2,953668.3,1002543.3,1147644.4,1223679.6,1246136.1,21515.9,39742.8,56001.9,75858.6,94747,121222.3,166445,205416.9,265260.4,309028.6,383255.4,430395.5,490303.7,581712.0,672066.9,678718.3,703325.6,849616.6
Мурманская область,102.0,101.2,105.9,108.3,104.4,104.7,103.8,100.9,92.0,100.1,100.5,101.4,101.9,102.2,101.8,101.2,0.6,0.6,0.6,0.6,0.8,1.0069327957317515,1.0705377614503724,0.9582576801915494,0.802810699955412,0.783018918001736,0.7503344240772937,0.8949388918406211,0.7,0.7,0.7,0.6,0.6,0.6,0.6,0.6,0.6,0.6,0.6,101.4,100.6,105.1,107.2,96.1,106,104.2,101.6,98,101.1,103.8,102.4,102.7,102.2,99.8,91.2,99.4,99.8,100.5,100.8,101.3,101.2,100.6,614565.5,634409.5,693988.6,827822.3,1072337.1,23233.5,43012.3,59157.8,62965.4,76236.9,91442.1,144469.3,156652.5,190124.3,233765.5,263755.5,251956.9,292926.1,333511.6,361968.4,395213.7,427090.7,525475.7,467006.5,479352.8,521051.5,616504.1,790456.1,22675.9,40973.5,55135,57569.3,68445.4,80604.1,124972,132870.2,158127,191584.6,213733.5,202235.5,233438.9,263811.7,283846.2,306578.7,328291.8,401582.7
Новгородская область,102.7,99.2,103.0,100.6,105.2,105.4,106.6,109.2,99.9,103.3,104.5,108.9,102.5,105.8,102.7,102.1,0.3,0.25,0.3,0.3,0.3,0.4156791086944696,0.4108925293585644,0.36438471740375317,0.3835046988494525,0.3599818203849642,0.3544982257401828,0.3526297842211329,0.4,0.3,0.3,0.3,0.4,0.3,0.3,0.3,0.3,0.4,0.4,101.9,98.2,102.2,99.9,105.7,106.5,102.9,112.2,98.2,103.5,106.5,103.8,104,105.5,108.2,98.9,102.3,103.7,108.4,101.9,105.2,102.2,101.6,412072.9,420289.0,429668.2,457565.3,471333.3,12860.3,21772.7,29347,38975.3,45178.5,55387.3,72549.3,95286.2,113246.4,132334.8,177472.4,183196.9,200248.6,243031.9,271750.9,286501.8,337279.4,379255.5,253056.8,256165.8,259255.8,273808.0,280189.3,9361,15726.4,20965.5,27501,31466.8,38081.7,49242.3,63848.3,74923.8,86664.9,115141.3,117710,127407.8,153419.7,170605.7,178818.1,209304.4,234075.7
Псковская область,101.5,102.8,103.5,98.1,102.1,106.8,107.2,104.5,95.0,107.1,107.7,100.8,101.3,100.3,98.8,101.4,0.2,0.2,0.2,0.2,0.2,0.273590655324043,0.29112377398036854,0.28119262142107665,0.2707709678589846,0.27569266310127544,0.2745041707675027,0.256482502881955,0.2,0.2,0.2,0.2,0.2,0.2,0.2,0.2,0.2,0.2,0.2,100.7,101.8,102.7,97.5,92.7,117.8,105.8,100.2,105,103,106.2,100.3,104.9,105.6,103.1,93.8,105.6,106.5,100.1,100.5,99.5,98.0,100.7,247111.3,259414.7,285469.3,313156.0,325659.6,7616.8,13947.2,20544.7,25031.4,31547.3,39190.7,48358.5,55772.9,72029.1,87456.7,105449,108797.9,128685.1,150199.9,161916.7,174006.5,189383.8,208464.5,159206.1,165858.1,180730.3,196625.3,202945.2,6161.2,11142.4,16178.9,19416.9,24098.9,29488.4,35816,40582.9,51464.9,61561.9,73283.2,74647.8,87066,100498.5,107547.5,114676.2,123825.6,135239.5
г.Санкт-Петербург,99.9,102.4,101.4,97.5,107.8,107.7,112.5,108.8,93.6,104.5,107.0,103.0,100.0,99.4,100.5,101.4,5.5,5.4,5.3,5.4,5.6,3.8238481512359694,3.51034801785192,3.271702194473526,3.5093503831184196,3.8517773355918132,3.813278331714968,3.8838967242867666,3.7,3.7,4.0,4.2,4.6,4.5,4.6,4.6,4.6,4.5,5.2,101.1,103.4,101.8,97.5,94.7,106,110.1,104.6,117.5,108.5,107.1,108.3,108.3,113.1,109.3,94.3,105.5,108.3,104.3,101.8,101.0,101.4,102.3,780400.7,805573.1,891448.8,962001.8,971158.0,18024.9,28247,39811.1,53525.3,72059.8,87919.3,116030.9,141795.6,174432.8,235410.3,299436,306454.8,349253.6,424643.7,456943.4,490440.5,515556.9,650339.7,4099939.7,4283036.300000001,4785218.6,5186129.3,5235709.7,86112.2,134354.2,188243,251654.4,336692.3,409638.5,542359.2,666392.8,825102.3,1119660.3,1431839.6,1475805.3,1699486.4,2091914.3,2280426.0,2491423.3,2661210.0,3387417.7
Южный федеральный округ,103.1,101.6,101.1,98.4,106.3,109,110.1,108.4,92.7,105.4,106.4,103.5,103.7,87.6,99.0,100.9,7.300000000000001,7.2,6.8999999999999995,6.8,7.099999999999999,5.9844914081068765,6.016025864198587,5.730172365068595,5.947701734334842,5.937606506881787,5.735068175911482,5.49151051938466,5.300000000000001,5.300000000000001,5.699999999999999,5.9,6.2,6.1000000000000005,6.1000000000000005,6.3,6.6000000000000005,7.0,6.999999999999999,103.3,101.7,101.2,98.5,94.1,110.1,111.7,106.2,105.8,103.8,109.8,106.1,108.8,110.1,108.5,92.8,105.4,106.5,103.7,104.0,102.1,99.5,101.3,332286.2,354937.6,384256.8,401677.0,407280.4,9529.7,16313,23417.9,30388.9,37122.4,44227,55215.5,67566,86428.1,114085.8,144633.8,144046,168773.2,200306.5,229214.5,256444.6,255076.2,283856.1,5448896.2,5833454.2,6320333.0,6611731.600000001,6709653.9,134769.40000000002,230255.90000000002,329695.30000000005,426507.8,519019.2,616085.3,766851.3,936055.8999999999,1195194.5,1577082.9,2001111.4999999998,1994912.5,2337936.9,2777791.9000000004,3185419.8,3574075.6999999997,4146212.1,4636315.5
Республика Адыгея,102.4,103.1,103.3,102.7,108.3,107.5,116.5,113.9,105.9,104.3,105.3,105.4,102.3,103.3,100.2,101.4,0.1,0.1,0.1,0.1,0.2,0.1382163010065598,0.11822200356353851,0.0959317872782312,0.09262068684114372,0.09048966533181092,0.09168601650616393,0.08946524472316397,0.1,0.1,0.1,0.1,0.1,0.1,0.1,0.1,0.1,0.1,0.1,102.6,103.3,104.4,103.6,96.3,104.7,105.6,100.7,101.2,103.9,111.5,107.9,107,116,114,106.1,104.4,105.6,105.9,102.7,103.8,100.8,101.9,223469.4,241997.3,264198.0,285729.4,309184.1,6907.7,10061.7,12315.1,14858.6,17707.5,22091.7,28133.2,38514.5,48050.2,66366.2,82378.2,94436.5,107297.5,128749.3,147262.9,159096.3,168880.1,187211.1,101102.7,109714.5,119961.8,131125.8,143191.8,3112.6,4524.8,5519.6,6641.8,7909.9,9849.3,12493.2,17029.1,21132.4,29085.1,36134.4,41511.5,47194.5,56803.3,65300.4,70862.3,75622.5,84306.0
Республика Калмыкия,102.1,101.0,100.4,97.6,106.6,103.1,103.7,102.7,101.7,96.6,102.7,100.8,103.4,105.3,96.5,98.6,0.1,0.1,0.1,0.1,0.1,0.06773158257575841,0.057428386632040675,0.10797627031754822,0.09387853651338184,0.08319548833645542,0.06087546373265704,0.061001960040203654,0.1,0.1,0.1,0.1,0.1,0.1,0.1,0.1,0.1,0.1,0.1,101.5,100.1,99.6,97.1,90.4,95.9,178.7,98.4,95.4,77.2,104.2,106.8,103.1,103.4,102.2,101.4,96.4,102.2,100.0,102.6,104.7,95.9,98.1,249989.8,289676.6,314225.2,327288.9,344933.1,4899.8,7104.1,20183.7,22261.8,24676.8,22394.9,29105.7,33017.9,43797.2,58925.2,71450.7,82586.8,84359.4,101873.2,125773.9,145420.8,165949.9,185798.9,69564.2,80126.9,86107.1,88986.9,93325.1,1525.3,2198,6212.6,6732,7272.3,6539.5,8518.5,9685.7,12844.1,17225.8,20789.7,23948.1,24404.1,29318.7,35897.8,41165.9,46680.6,51958.5
Республика Крым,103.7,104.8,103.1,101.1,,,,,,,,,,,107.5,105.6,0.5,0.5,0.5,0.5,0.5,0.0,0.0,0.0,0.0,0.0,0.0,0.0,,,,,,,,,,0.3,0.4,103.9,104.8,103.1,100.8,,,,,,,,,,,,,,,,,,108.5,106.0,189916.6,201251.2,228692.9,248677.1,270363.8,,,,,,,,,,,,,,,,,100526.4,139873.3,362671.7,384983.4,437438.0,475525.3,515610.8,,,,,,,,,,,,,,,,,189439.2,265970.6
Краснодарский край,102.5,100.3,99.7,97.9,106,110.5,109.9,108.3,97.8,105.9,106.9,102.7,102.8,99.6,97.4,99.0,3.0,3.0,2.8,2.7,2.8,2.2922919967006776,2.5835458266376006,2.3832660174765627,2.498651437333107,2.4908150112515197,2.313868045024813,2.245894736733558,2.1,2.1,2.3,2.4,2.7,2.7,2.7,2.9,3.1,3.0,2.9,103.3,101.0,100.3,98.2,94.8,116.5,110.6,98.1,108.5,102,109.3,106.1,110.7,110.3,108.8,98.2,106.2,107.6,103.7,103.9,100.7,98.4,100.1,407239.7,433626.9,444364.1,455174.9,460720.2,10063.7,19267.7,26713.9,34912.4,42477.6,48572.8,61291.7,72794.1,94244,125700.4,155103.6,165555.1,196914.3,236750.6,274995.7,309837.7,328771.2,352601.2,2257074.5,2422752.7,2499915.5,2577131.1,2616754.4,51621.9,98882,137125.3,179177.5,217727.6,248565.5,313623.6,372929.8,483950.7,648211.3,803834.1,861603.3,1028308.4,1244652.8,1459490.8,1662969.0999999999,1784833.5,1933512.1
Астраханская область,112.2,104.7,103.0,100.7,105.6,108.1,108.3,107.6,89.1,102.1,107.6,111.1,116.1,100.1,99.0,102.9,0.5,0.5,0.6,0.6,0.6,0.4598758202513124,0.41889801510199354,0.48865666924751155,0.4500689321143552,0.4689837774574971,0.4715863319219603,0.40611328938709695,0.4,0.4,0.4,0.4,0.4,0.4,0.4,0.4,0.5,0.5,0.5,112.1,104.5,102.4,99.9,101,111.7,114.3,108.6,104.7,101.9,102.8,105.4,107.8,108.5,108,89.4,102.1,107.8,111.3,116.2,100.5,99.1,102.8,361704.8,434701.5,570206.4,595897.5,526950.9,10172.2,15805.2,27815.3,32037.2,40786.8,50386.3,56357.5,69814,84950,99999.4,146391,133018.5,143388.8,170504.7,206677.1,269821.7,290822.2,315996.9,368485.4,442608.8,579210.0,601811.2,527888.9,10356.3,16032.8,28115.7,32274.3,40994.9,50659.8,56710.9,70127.6,85112.1,100359.2,147549.1,134418.2,144888.8,172616.6,209654.4,273917.1,296319.3,322303.0
Волгоградская область,100.5,100.1,100.5,99.1,105.8,102.2,107.3,105.9,87.2,103.9,103.7,103.3,101.9,105.2,94.3,99.0,1.1,1.1,1.0,1.0,1.0,1.3437745270545554,1.1603538769582447,1.1082853599082716,1.156325027351258,1.1936687275843627,1.1973294703439958,1.1052300531897563,1.1,1.1,1.2,1.2,1.2,1.0999999999999999,1.1,1.1,1.1,1.2,1.1,100.0,99.6,99.9,98.5,87.7,101.1,111.8,110,104.1,106.8,109.4,105.2,101.7,107,105.7,87,103.7,103.3,102.8,101.4,104.7,93.8,98.6,324961.1,336306.7,369000.4,385398.0,394256.5,11000.6,16181.9,23340.8,30513.2,38617.7,47934.1,57928,76740.6,95683.4,126313.1,159001.5,144303.4,166028.8,195463.7,220755.1,235814.1,279101.4,290186.0,825586.5,850263.7,927811.7,963214.4,978858.4,30261.5,44411.1,63767.1,82919.7,104341.2,128622.2,154337.7,203232.2,252142.7,331766.8,416678.5,377514.3,433473.7,508433.3,571516.1,607472.2,715409.6,740458.0
Ростовская область,102.7,102.5,102.1,97.8,107.4,112.7,112.9,110.5,89.3,106.6,107.1,102.7,103.1,103.3,104.1,103.3,1.9,1.8,1.7,1.7,1.8,1.6826011805180114,1.6775777553051694,1.5460562608404695,1.656157114181597,1.6104538369201404,1.5997228483818915,1.5838052353108807,1.5,1.5,1.6,1.7,1.7,1.7,1.7,1.7,1.7,1.7,1.8,102.5,102.2,101.8,97.6,96.8,109.2,111,116,104.2,106.4,113.2,106.9,112.2,112.4,110.2,89.2,106.4,106.8,102.5,102.9,103.2,104.0,103.2,324802.1,341163.4,367627.9,389521.4,403949.1,8455,14380.4,20003.8,26817.8,31941.7,39180.4,50678.6,60575,78642,104603.1,134137.4,129626,154127.9,179470.3,198129.2,215923.2,237465.8,280522.0,1375107.4,1441723.3,1548222.9,1636017.5,1692406.6,37891.8,64207.2,88955,118762.5,140773.3,171849,221167.4,263051.5,340012.5,450434.7,576125.7,555917.1,659667.4,765967.2,843560.3,917689.1,1007758.8,1189144.0
г.Севастополь,104.6,104.3,104.4,90.7,,,,,,,,,,,99.1,103.9,0.1,0.1,0.1,0.1,0.1,0.0,0.0,0.0,0.0,0.0,0.0,0.0,,,,,,,,,,0.1,0.1,107.1,106.1,105.9,97.5,,,,,,,,,,,,,,,,,,104.5,107.7,211366.0,234060.8,276550.7,309114.9,295304.9,,,,,,,,,,,,,,,,,78009.3,119384.5,89303.8,101280.9,121666.0,137919.4,141617.9,,,,,,,,,,,,,,,,,30148.6,48663.3
Северо-Кавказский федеральный округ,101.0,100.3,101.2,99.3,108.2,109.8,109.2,107.3,100.3,102.6,105.8,102.9,103.1,104.0,99.1,100.3,2.7,2.6,2.4,2.5,2.6,2.2307194454651524,1.9253924784751324,1.8280153493640483,1.9863719378925713,1.9970223375704848,2.0495338328363952,1.973648470907833,1.9000000000000001,2.0,2.2,2.2,2.5,2.4,2.4,2.4,2.5,2.7,2.6,101.5,100.8,101.7,99.8,95.1,104.3,110.9,112.9,107.3,106.9,112,108.6,110.3,110.1,108.4,101.2,103.5,106.5,103.4,103.6,104.6,99.8,100.9,202142.5,208423.1,219381.6,231826.8,241662.5,6807.6,9850.7,13802.7,18408.8,22374.6,28078.5,35083.2,39050.8,50434.2,62724.1,78921.5,84493.9,94915.3,112647.6,127042.1,146117.2,163950.4,176399.5,1970260.4,2042468.2999999998,2159836.5,2294816.5999999996,2404328.2,50235.3,73692,105178,142442.1,174564.1,220169.6,275606.29999999993,352070,457117.5,573220.1,728230.9,786670.8999999999,891834.3,1066319.6,1209038.8,1397672.6,1577951.5,1709050.7
Республика Дагестан,102.4,100.3,100.1,98.5,107.3,113.4,114.9,110.9,107.4,102.1,106.8,104.1,105.7,105.5,97.7,100.5,0.8,0.8,0.7,0.8,0.8,0.3765712579277546,0.3400267363366882,0.3636130362393294,0.4398848122070881,0.4740871845428611,0.5364404137751675,0.57799079644878,0.5,0.5,0.6,0.6,0.8,0.7,0.7,0.7000000000000001,0.8,0.9,0.9,103.2,101.0,100.9,99.3,91.7,101.8,114.9,119,111.1,113.9,115.9,108.8,115.2,117,112.7,108.9,103.6,108,104.6,106.3,106.3,98.6,101.4,203906.4,209477.8,219856.8,230345.5,239640.7,3589.4,5383.3,8489.7,12562.3,16195.5,22168.7,30629.6,33839.8,45741.7,56812.6,77033.8,90542.5,94883.6,113034.2,127528.7,153260.9,177395.3,189575.2,617587.6,639513.2999999999,676060.8,713723.6,748177.3,8480.3,13014.1,20921.1,31544,41441,57626.7,80712.4,90442.6,124153.5,156928.8,216277.2,257832.7,274354.2,330322.8,374710.3,452882.2,528131.3,569297.3
Республика Ингушетия,101.7,102.1,99.9,92.3,106.1,103.2,128.0,98.1,87.4,101.3,106.9,111.6,111.3,103.0,95.5,95.5,0.1,0.1,0.1,0.1,0.1,0.045524433525645794,0.04274208266212709,0.04551007047395615,0.05026238995175017,0.04097940937117788,0.044278649864784234,0.044473389990453804,0.0,0.0,0.1,0.1,0.1,0.1,0.1,0.1,0.1,0.1,0.1,103.3,103.8,101.8,94.0,78.5,93.9,125.1,118.3,79.8,105.5,106,102,99.9,126.3,98.4,87.9,101.9,109.4,115.3,114.2,105.5,97.6,97.2,121985.9,125667.9,136930.7,146928.7,142199.7,3428.9,5098,6667.9,8000.7,7751.7,10332.4,14024.9,17435.1,21922.4,41340.7,47002.3,46174.4,48239.2,63569.7,85737.9,102241.5,113224.9,106955.7,58141.5,60855.8,67468.2,73791.6,72708.6,1025.2,1635.9,2618.5,3604.3,3582.1,4756.6,6210.4,7419.3,9033.5,16812.4,19172.9,18953.3,19929.1,26858.899999999998,37413.9,45766.7,51908.2,50091.0
Кабардино-Балкарская Республика,100.2,101.0,99.5,99.9,109.2,106,105.3,107.9,104.1,105.4,104.1,105.8,98.8,101.5,101.7,102.3,0.2,0.2,0.2,0.2,0.2,0.25413664212897336,0.25275805836140197,0.2447359004639751,0.27113911898256643,0.2605414585644987,0.2420068477472862,0.20805116450690062,0.2,0.2,0.2,0.2,0.2,0.2,0.2,0.2,0.2,0.2,0.2,100.4,101.1,99.6,100.1,100.6,109.1,118.2,115,105.6,104.5,106.2,107.8,104.8,104.8,107.9,104.2,105.5,104.1,105.8,98.8,101.6,101.9,102.5,177182.0,179417.9,186574.1,197795.1,210674.1,6611.7,11057.3,15948.9,21834.2,25369.9,29036.2,32884.8,42253.1,50225.2,57011.8,67731.3,76451.1,89668.3,105412.7,124226.6,129236.2,135984.6,139908.7,152970.8,155221.80000000002,161577.5,171544.7,183027.5,5723.1,9674,14081.3,19443.3,22774.5,25997.4,29052.9,36833.4,43309.7,48908.7,58093.4,65660.1,77086.4,90594.5,106711.2,110971.5,116886.0,120528.79999999999
Карачаево-Черкесская Республика,101.1,98.1,101.3,96.3,106,112,102.4,106.8,100.2,101.1,105.1,105.3,99.6,98.3,95.3,104.6,0.1,0.1,0.1,0.1,0.1,0.1251033813614923,0.10994217839352317,0.09492199728604603,0.10214520265199335,0.11708320962824043,0.10687625761312161,0.09400539177551932,0.1,0.1,0.1,0.1,0.1,0.1,0.1,0.1,0.1,0.1,0.1,100.9,98.0,101.2,96.3,100.4,97.2,112.4,113.2,107.4,101.8,107.5,107.2,113.5,103.7,107.8,101,101.9,105.2,104.7,99.1,98.0,95.1,104.3,168098.1,177468.1,184013.0,196393.1,207471.5,6391.3,9550.5,12404.2,16639.7,23297.3,25999,29348.9,36971.7,50778.7,59200.9,76277.2,81758.5,91782.3,103462.3,124058.6,140400.9,139156.0,144061.8,78521.1,82765.6,85737.9,91430.0,96566.1,2817.3,4207.9,5461.5,7324.8,10234.5,11481.1,13127.2,16724.3,23260.1,27469.7,35714.2,38584.1,43651.5,49252.1,58712.1,66106.6,65326.6,67482.7
Республика Северная Осетия-Алания,98.6,98.9,99.6,102.2,105.6,112.2,105.8,100.2,102.5,106.1,103.1,102.0,104.0,101.6,97.4,95.7,0.2,0.2,0.2,0.2,0.2,0.17360741836896681,0.17700118527696068,0.14535414221416465,0.17661910702657976,0.18301222785947296,0.17617254013812694,0.1737859442690218,0.2,0.2,0.2,0.2,0.2,0.2,0.2,0.2,0.2,0.2,0.2,98.5,98.6,99.2,101.8,102.2,112,113.6,109.9,112.8,103.1,105.8,105.5,112.4,106.1,100.4,102.5,106.2,102.9,101.6,103.6,101.5,97.4,95.6,211526.9,217115.4,229965.3,248493.2,267814.4,5727.5,9835.2,11964.5,17914.2,22541.2,26705.1,34323.6,44127.2,61229.6,74356.6,81097,90040.7,105781.6,120824.3,137721.8,168268.3,178762.8,178921.1,148810.1,152526.4,161092.7,173459.4,186122.2,3909.6,6774.5,8363.2,12665.3,15997.5,18925.2,24268,31182.2,43341.2,52804.8,57707.4,64081.4,75327.4,85876.7,97448.8,118637.5,125960.5,126051.2
Чеченская Республика,101.1,100.0,103.1,100.0,…,…,124.0,108.1,88.4,94.3,104.6,105.1,98.5,106.7,101.1,102.8,0.3,0.3,0.2,0.19999999999999998,0.3,,,,,,,,0.1,0.1,0.2,0.2,0.2,0.2,0.2,0.2,0.2,0.3,0.2,102.6,101.5,104.5,101.4,…,…,…,…,…,…,…,…,111.9,126.4,110.5,90.3,96.2,106.8,107.1,100.2,108.5,102.9,104.4,143561.5,151464.0,154705.5,164625.4,171029.5,…,…,…,…,…,…,…,20038.4,27831.4,40572.6,54742.1,51981.3,55995.7,67220.5,77877.2,91646.1,109649.0,111705.4,201634.80000000002,215975.9,223853.7,241643.4,254553.3,…,…,…,…,…,…,…,22898.9,32344.4,48056.1,66273.8,64308.3,70694.9,86623.0,102289.1,122402.8,148942.1,154401.4
Ставропольский край,100.4,101.0,102.4,100.0,108.2,108.1,104.5,107.3,97.4,104.2,106.5,100.5,102.7,104.1,100.8,100.3,1.0,0.9,0.9,0.9,0.9,1.2557763121523193,1.0029222374444315,0.9338802026865769,0.946321307072593,0.9213188476042337,0.9437591236979089,0.8753417839171579,0.8,0.9,0.8,0.8,0.9,0.9,0.9,0.9,0.9,0.9,0.9,100.4,100.8,102.5,100.0,94.5,104.2,106.5,110.1,106.5,105.4,113.2,108.3,108.2,104.7,107.7,97.7,104.5,106.7,100.6,102.8,104.3,100.9,100.4,254226.6,262480.7,280220.7,296214.0,308476.2,10363.8,14018.6,19603.9,24780.1,29453.4,37058,44610,53414.6,66136.4,80715.3,99503.3,99994.7,118920.6,142409.2,154811.0,172204.2,193349.6,221814.1,712594.5,735609.5,784045.7,829223.9,863173.2,28279.8,38385.6,53732.4,67860.4,80534.5,101382.6,122235.4,146569.3,181675.1,222239.6,274992,277251,330790.8,396791.6,431753.4,480905.3,540796.8,621198.3
Приволжский федеральный округ,101.7,102.2,102.4,97.6,105.2,108.7,109.6,105.5,92.8,105.8,107.1,104.3,102.5,102.1,98.8,100.1,14.799999999999999,14.8,14.9,15.000000000000002,14.499999999999998,19.08908059694202,18.43146824762817,18.019606819409024,18.02764234821178,16.96913858423777,16.830345905285636,16.36240209985668,15.500000000000002,15.500000000000004,15.300000000000002,15.700000000000001,15.4,15.2,15.5,15.7,15.700000000000001,15.4,15.399999999999999,101.5,101.8,102.0,97.0,91.9,105.2,108.4,106.9,102.6,106.9,105.8,104.5,107.9,109.1,105.2,92.5,105.5,106.8,104.1,102.4,102.0,98.7,100.0,373572.3,399551.8,452352.1,480660.1,468462.3,13489.1,22204.5,32791.7,41139.5,47526.3,58324.4,74218.8,91573.6,115727.9,143365.7,176879.4,163958.3,190719.5,236240.2,263976.2,284810.4,308995.4,339075.0,11078328.299999997,11822590.899999999,13330796.999999998,14103743.799999999,13669381.0,429881.79999999993,705441.5,1036789,1292756.5,1483309.5999999999,1807987.0000000002,2284895.8,2799035.9000000004,3513341.5999999996,4330427.6,5324051.100000001,4922531.500000001,5709469.800000002,7050735.500000001,7864342.2,8474685.0,9185550.0,10068677.1
Республика Башкортостан,100.6,103.4,102.2,94.7,107.2,108.8,109.6,107.6,98.8,105.0,108.3,104.5,102.5,101.8,98.3,100.6,1.9,1.9,1.9,1.9,1.8,2.5101938185439243,2.551450726483461,2.5223024546621677,2.3284833420402005,2.1489244887029035,2.261319380330135,2.2259975780821866,2.1,2.2,2.1,2.2,2.0,2.0,2.1,2.3,2.2,2.1,2.0,100.5,103.2,101.9,94.2,91.2,104.5,105.5,108.3,102.8,109,106.4,106.9,108.5,109.5,107.7,99,105.2,108.2,104.4,102.6,101.9,98.3,100.5,349351.5,366013.2,428715.6,445861.5,425161.0,13745,23709.8,35245.9,40609.7,45756,59274.3,76042.5,93683.1,124439.6,145543.9,183168.7,159428.7,186522,231314.0,282918.4,286131.7,309520.8,323367.4,1421517.6,1487892.2,1739362.9,1803321.7,1711684.7,56529,97653.6,145125,166974.8,187842.2,242920.5,310845.1,381646.5,505205.8,590054.1,743133.4,647911.7,759203.3,941023.6,1149384.6,1163219.0,1260010.4,1316598.3
Республика Марий Эл,101.8,102.6,101.0,97.7,102.1,113.1,108.0,105.9,100.4,106.0,106.5,110.2,102.2,106.2,103.4,94.9,0.2,0.2,0.2,0.2,0.2,0.27123272768044976,0.24096407577463985,0.19479040131522282,0.2104011561507134,0.20380795392935577,0.21398616827918146,0.21544644819927816,0.2,0.2,0.2,0.2,0.2,0.2,0.2,0.2,0.2,0.2,0.3,101.5,102.3,100.8,97.4,95.4,100.4,97.2,104.4,99,109.2,108.4,101.5,112.3,107.4,105.4,100,105.6,106,109.8,101.9,106.0,103.2,94.7,249375.0,260703.5,282803.8,298988.7,290803.3,8156.1,12369.4,15114.8,20502.6,24411.2,31719,41757.6,46589.5,61413,77919.2,93512.4,98888.9,118110.4,140243.8,169514.7,182664.2,208406.1,250039.3,170890.5,178193.2,192690.3,203282.1,196982.9,6108.1,9222.6,11207.6,15087.8,17815.3,22987.3,30085.6,33350.7,43663.7,55069.2,65765.3,69271.5,82374.4,97323.3,117201.1,125950.2,143396.1,171689.5
Республика Мордовия,102.9,100.8,103.3,100.3,106.9,113.1,111.9,105.0,93.7,105.5,110.3,103.0,103.3,108.8,101.4,103.6,0.3,0.3,0.3,0.3,0.3,0.3706608969228157,0.31772686008989715,0.3050817151260424,0.30804069107432386,0.3146929435198239,0.3094646251744706,0.27452063602103693,0.2,0.3,0.3,0.3,0.3,0.3,0.3,0.3,0.3,0.3,0.3,102.8,100.0,102.4,99.3,95.3,101.4,109.6,106.6,108.8,113.1,101.1,106,112.2,111,104.2,93,104.8,109.4,102.1,102.5,108.1,101.1,103.6,276359.6,292626.5,306987.1,331412.3,342811.2,8963.9,13176.5,19219.8,24473.2,30848.9,37681.7,43807.6,50982.6,67309.8,90138.7,110877.3,107903.3,125975.5,144636.0,163399.0,182380.2,214519.4,223161.1,223297.80000000002,236090.8,245675.6,262760.6,268963.1,8347.2,12160.6,17553.4,22089.5,27508,33244,38334.9,44267,57974.2,77048.8,94058.3,90862.4,105343.8,119955.2,134315.6,148705.7,173872.7,180352.3
Республика Татарстан,101.7,102.0,102.7,97.0,105.7,108.6,110.6,107.6,96.4,104.1,105.5,105.0,101.9,101.7,99.6,100.6,2.8,2.8,2.9,3.0,2.8,2.9186703685982653,2.8310496317907665,3.235401895374078,2.980629589181556,2.866831208168307,2.840011899363526,2.8008267421593347,2.7,2.7,2.7,2.7,2.8,2.7,2.9,2.9,2.9,2.8,2.8,102.0,102.2,102.8,96.9,91.4,107.7,107,111,103.6,107.4,105.3,105.5,108.5,110.7,107.7,96.6,104.3,105.7,105.5,102.4,102.1,100.0,101.0,530860.1,582208.5,673117.8,720053.2,675621.4,17366.3,28593.4,49139.3,56479.2,66298.7,80809.2,103726.8,128226.9,161045.9,201172.1,245628.5,234206.4,264561.7,344092.5,376907.1,405069.9,431913.8,483509.9,2058139.9,2264655.8,2622773.9,2808753.3,2633912.6,65727.8,108354.9,186154.4,213740,250596,305086.1,391116,482759.2,605911.5,757401.4,926056.7,885064,1001622.8,1305947.0,1437001.0,1551472.1,1661413.8,1867258.7
Удмуртская Республика,99.7,102.3,100.8,96.5,104.9,104.7,104.4,103.0,94.3,105.0,105.0,103.4,102.7,101.0,99.8,101.7,0.8,0.7,0.8,0.8,0.7,0.8403014683761272,0.903909219254813,0.926493614964052,0.9141220288774952,0.896285726366409,0.8288120614275178,0.7220774475470868,0.8,0.7,0.7,0.7,0.7,0.7,0.7,0.7,0.7999999999999999,0.8,0.8,99.6,102.0,100.4,96.0,93.5,101.3,113.2,105.6,99.1,107.3,101.6,104.4,104.2,104,102.7,94,104.7,104.8,103.3,102.7,101.0,99.8,101.7,375910.8,390800.7,450225.9,480560.7,451490.9,11807.2,21642.8,33488.8,41407,49800.6,56904.4,64732.3,90316.3,106891,133904.7,158850.7,151268.7,180316.9,221152.7,245592.6,266992.3,296948.8,341391.7,570254.8,592037.6,679938.9,722846.0,675952.3,18923.4,34596,53307.4,65551.4,78346.3,89034.5,100833.1,139995.3,164848.5,205647.4,243135.5,230938.3,274578.1,335984.0,372782.7,405126.4,450548.9,517999.8
Чувашская Республика,101.6,102.5,102.9,99.1,104.4,111.7,112.1,105.2,82.5,103.6,107.1,106.5,98.4,100.4,97.4,100.7,0.4,0.4,0.4,0.4,0.4,0.495231413280106,0.4332551117600037,0.3996595843252507,0.42920982413504505,0.42534798807013097,0.42013890850866015,0.426614846163419,0.4,0.4,0.4,0.5,0.4,0.4,0.4,0.4,0.4,0.4,0.4,101.4,102.0,102.4,98.5,90.9,100.6,106.4,106.4,102.6,106.6,108.1,103.5,110.7,111.4,104.8,82.3,103.3,106.7,106.2,98.1,100.2,97.3,100.6,230260.9,240379.6,257992.5,278132.7,287210.3,8328.9,12407.3,17276.5,23253.6,28261.3,34540.2,45955.1,54001.9,73147.3,97528.7,122980.3,111300.3,125843,151177.9,174925.5,179710.6,191639.9,203100.9,284659.1,296505.8,316622.9,339490.4,348342.2,11152.5,16582.3,22995.1,30778.5,37180.6,45133.1,59573.8,69391.6,93172,123453.3,155032.3,139909.5,157704.6,188785.7,217821.1,223147.9,237447.19999999998,251307.0
Пермский край,102.1,101.2,101.1,97.9,104.8,110.5,109.0,105.5,92.1,107.9,108.6,100.6,100.7,103.3,99.6,96.8,1.5,1.6,1.6,1.6,1.5,2.314747816086084,2.2817646191234697,2.157617059687592,2.326093148760582,2.037370256085101,1.9481237534179088,1.9071904571780567,1.8,1.7,1.7,1.8,1.7,1.7,1.9,1.7,1.6,1.6,1.6,101.9,100.8,100.6,97.3,93.6,107.3,113.1,108.1,95.1,104.9,102.3,103.5,109.3,108.1,104.9,91.6,107.4,108.3,100.6,100.8,103.3,99.6,96.7,435823.7,474129.3,543647.6,574427.7,541930.2,17955.2,30241.6,43273.2,58570.7,63032.2,74783.8,96240.2,119654,141864.8,178096.8,227719,203364.2,235930.6,319149.5,326782.7,334027.2,369489.3,403601.4,1147634.0,1245826.9,1422704.6,1496401.4,1403198.8,52127.6,87331.7,124142.2,166803.4,178091,209275.7,266325.9,327273.3,383770.1,477794.2,607362.7,539831.5,623116.8,840101.1,860342.7,880264.4,974192.9,1063780.3
Кировская область,101.7,102.8,101.7,102.4,102.7,107.5,106.3,105.0,91.7,105.7,105.8,102.5,101.2,102.8,99.7,100.1,0.4,0.4,0.4,0.4,0.4,0.697942141961898,0.6593735054216656,0.6221314403832157,0.5814974887212581,0.5717074341300125,0.538014546494365,0.5063352452890353,0.4,0.4,0.4,0.5,0.5,0.5,0.4,0.4,0.4,0.4,0.4,101.2,102.0,100.9,101.5,94.2,104.5,107.2,99.2,99.4,102.5,105.2,100.9,105.7,104.8,103.8,90.8,104.6,104.8,101.8,100.6,102.2,99.2,99.6,242189.8,257681.1,276491.3,292342.6,315153.9,9978.7,16164.9,23165.6,27297.1,33124,38900.6,48464.8,55726.6,68958.3,85144.4,110127.9,107680.4,128073.7,146451.8,157541.4,170457.6,194311.6,216918.0,313533.8,331754.4,353265.5,370472.6,395923.7,15717.5,25236.7,35795.4,41699,49974.2,57795.8,70706.2,79800.6,97047.1,118154.9,151116.7,146321.3,172352,195269.5,208505.4,224152.3,254089.4,282191.0
Нижегородская область,102.3,102.6,104.1,96.5,107.1,109.1,109.9,102.8,88.6,108.0,107.4,104.1,102.2,103.2,96.8,103.3,1.7,1.7,1.7,1.7,1.7,2.1052386180590172,1.884633477953757,1.8258932261618825,2.082321324476101,1.95426400015229,1.9262506626414544,1.7274786900607317,1.7,1.7,1.7,1.7,1.7,1.7,1.7,1.7,1.7,1.7,1.7,101.9,102.1,103.6,96.0,95.5,103.4,109.9,109.3,105.2,105.2,104.3,106,108.1,109,102.2,88.2,107.5,106.9,103.8,102.0,102.9,96.5,103.0,394208.9,428207.8,465830.1,503982.6,497418.6,12936.8,19806.2,29090.1,41773.2,48321.6,59149.2,69629.5,87354.7,110662.7,140297.9,175587.1,164071.8,196792.5,233405.3,255722.7,281581.1,308152.1,338304.4,1282751.7,1387920.9,1502156.2,1617171.7,1586640.6,47409.5,72132,105055.9,149322.6,170826.5,206926,241230.4,299723.7,376180.3,473307.4,588790.8,547223,652805.9,770774.0,842195.5,925182.0,1009460.1,1104643.2
Оренбургская область,102.2,103.4,102.7,99.5,106.6,109.1,110.7,103.2,96.2,104.8,105.6,102.9,102.6,99.7,96.4,99.4,1.1,1.1,1.2,1.2,1.1,1.2109890085491528,1.3477146415343881,1.3268623117106653,1.1876820203999792,1.0774526738787193,1.07819806355983,1.21650662266381,1.2,1.3,1.3,1.3,1.3,1.2,1.2,1.2,1.3,1.2,1.2,101.8,102.7,102.2,99.0,86.1,109.1,109.6,101,105,112.8,110.1,105.2,107.7,109.7,102.6,95.9,104.5,105.1,102.5,102.2,99.3,96.1,99.1,408982.9,440024.7,537212.8,564476.5,538971.9,12296.5,23293.9,34585.2,38769.3,43145.6,53548.8,79522.8,101110.3,145532.5,179882.4,209769.6,202332.4,224937.2,272897.1,311189.3,356311.4,364756.5,387881.4,814765.4,872857.1,1058504.8,1106329.3,1050927.9,27271.2,51582.1,76343.3,85168.3,94182.5,115824.6,169876.7,213138.2,302808.4,370880.9,430023.1,413395.5,458145.4,553320.9,628563.6,717014.7999999999,731277.7,774962.1
Пензенская область,102.7,104.1,104.1,104.2,101.4,108.8,116.8,108.2,95.8,102.3,108.6,107.3,105.2,104.0,104.3,97.5,0.5,0.5,0.5,0.5,0.5,0.4682773251508952,0.46572906159847655,0.43830621128950087,0.46385089254753636,0.4761738499819339,0.44786449627245645,0.42760236395288237,0.4,0.4,0.4,0.4,0.5,0.5,0.5,0.5,0.5,0.5,0.5,102.1,103.2,103.1,103.1,87.8,112.2,106.2,105.3,101.9,104.8,105.7,100.7,108,116.2,107.7,95.3,101.8,107.9,106.7,104.6,103.5,103.9,97.0,266340.2,281369.7,310238.7,341904.1,379820.4,6940.6,11825.9,16900.3,22547.8,28554.2,33304.2,41595.8,52163.8,62719.8,84558.3,105477.2,105487.4,124020.7,154608.1,174823.6,198177.1,217390.7,253911.0,358258.2,376076.2,411028.7,448521.1,493094.2,10545.5,17825.2,25218.7,33262.6,41623.4,48111.5,59711.7,74362.7,88805,119104,147853.2,147185.1,172166.7,213401.2,239962.5,270436.8,295238.7,343328.6
Самарская область,101.0,100.5,101.6,94.5,101.8,106.4,108.2,103.8,80.4,108.6,106.0,105.0,104.2,101.9,97.1,97.9,1.8,1.8,1.8,1.8,1.7,2.9982493164341117,2.7585822190689155,2.4403095929215013,2.5108087914822996,2.3603137649265222,2.388237670731147,2.342533270577139,2.2,2.2,2.1,2.1,1.8,1.8,1.8,1.9,1.9,1.9,1.9,100.8,100.2,101.4,94.1,92.8,102.3,106.2,106.8,103.9,104.8,108.7,101.7,106.4,108.1,103.8,80.4,108.5,105.9,105.0,104.2,101.9,97.0,97.8,425864.5,453013.0,509855.1,531098.4,505093.4,20439.5,32022.5,42758.9,55147,63582.9,79369.1,101362.5,124575.2,151238.8,181529.8,217089.9,181298.2,216167.6,259480.6,291701.5,326422.2,357774.7,394135.9,1364822.2,1449005.7,1625558.7,1689575.4,1599554.0,67519.9,105581.3,140407.4,180049.3,206320.2,256554.6,327118.5,401812.2,487713.5,584968.6,699295.6,583999.9,695651.2,834149.3,937434.5,1048545.8,1149147.8,1264910.3
Саратовская область,102.7,102.5,102.6,102.0,106.6,106.5,108.9,108.9,98.2,102.6,108.5,106.2,104.5,100.5,99.2,101.2,0.9,0.9,0.8,0.8,0.9,1.230744978579937,1.144376871305154,1.0961383336511596,1.1667280856161097,1.1134190525733527,1.1162192798714232,1.0858893131913314,1.0,0.9,0.9,0.9,1.0,1.0,0.9,1.0,1.0,1.0,1.0,102.2,101.7,101.8,101.0,87.7,106.2,113.1,103.1,105.4,109.8,108.4,105.6,105.6,108.2,108.4,97.8,102.1,108,105.9,104.3,100.3,99.0,100.9,282214.0,294988.0,315610.0,333074.6,358480.4,10186.4,16130.7,23315.4,31094.4,36413.6,45223,57710.3,65656.6,79127,98569.9,126085.9,128473.8,148839,171449.8,190850.1,210477.6,227132.0,251047.1,700848.6,728946.4,773838.6,809822.6,863401.1,27716.1,43799.6,63068.2,83665.7,97326.4,119909,151636.9,170930.5,204291.2,252867.2,321747.2,326370.4,376169.4,431028.0,478275.8,526178.9,566646.1,625176.9
Ульяновская область,101.8,100.9,102.9,99.8,105.6,110.5,111.0,102.3,93.2,105.8,108.8,103.1,102.6,101.0,98.5,102.2,0.5,0.5,0.4,0.4,0.5,0.6566006987192368,0.6109382264687644,0.5286189778366913,0.5377739647485817,0.5225472437529081,0.5137043892135585,0.4833824387713549,0.4,0.4,0.4,0.4,0.5,0.5,0.5,0.5,0.5,0.5,0.5,101.4,100.3,102.2,99.0,91.1,106.1,104.3,100,107.8,102.8,104.4,104.5,109.3,110,101.6,92.6,105.1,107.9,102.5,102.0,100.5,98.1,101.8,292335.0,299921.8,311203.3,344371.4,360112.2,10233.6,16310.6,21411.5,27453.2,32922.8,40195.3,49606.5,59804.8,76474.6,94375.6,114808,118179.9,137518.4,173890.3,188185.7,208720.5,220392.1,241633.8,366954.7,374827.9,386675.4,424995.6,440802.9,14786.5,23382.9,30415,38563.6,45677,55184.3,67501,80584.4,101950.3,124676.2,150680.3,154247.4,178235.4,223672.7,240556.1,265288.7,278808.2,304479.1
Уральский федеральный округ,102.8,105.2,100.7,95.3,110.9,108,105.7,103.4,91.9,106.8,104.4,101.0,101.8,98.7,98.5,100.0,13.2,13.800000000000004,14.399999999999999,13.900000000000002,12.499999999999996,14.020815039226633,13.65138852981632,15.05357726707934,15.629964723591996,15.283634575826676,15.446441214060147,16.003323731375854,17.099999999999998,16.5,15.200000000000005,14.200000000000001,13.6,13.600000000000003,13.900000000000002,14.299999999999995,14.000000000000002,13.699999999999998,13.799999999999999,103.0,105.2,100.7,95.2,93.5,102.8,110.1,108.9,104.2,108.4,106.7,110.2,107.5,105.5,103.4,92,106.8,104.6,101.5,102.2,99.0,98.8,100.3,792608.1,889254.4,1055243.5,1074184.5,945711.8,25102.2,41649.9,69327.3,90065.5,107831.3,134653.5,182505.2,254078.4,307373.9,350766.8,398807.4,360909.4,423495.4,521192.2,583243.9,619540.9,662531.0,737316.0,9770442.700000001,10983194.999999998,13035608.399999999,13272019.300000004,11674931.200000001,315745.6,522489.9,866133.3999999999,1120819.7999999998,1335976,1659322.1,2234752.9999999995,3091362.900000001,3720616.2,4236325.3,4815668,4360451.199999999,5118918.4,6314341.200000001,7098364.300000003,7568240.099999999,8119343.299999999,9063071.799999999
Курганская область,102.3,102.3,102.8,98.4,109.6,113.8,105.9,110.5,93.7,98.4,108.1,97.3,103.9,98.0,98.3,102.7,0.3,0.3,0.2,0.2,0.3,0.4203594396480426,0.38591980326989084,0.3251002368644051,0.3539215248507169,0.342524301415528,0.34485887369565854,0.3041368602551474,0.3,0.3,0.3,0.3,0.3,0.3,0.3,0.3,0.3,0.3,0.3,101.3,101.2,101.7,97.4,90.2,103.1,107.1,101.2,102,107.9,103.3,107.5,111.8,104.4,109.3,92.9,97.5,106.8,96.0,102.8,97.1,97.4,101.8,235547.8,247093.2,256618.3,285011.5,294464.0,8833,13882.1,17758.7,24429.3,29253.3,36759,42889.3,51724,71738.6,86224.4,114237.4,117058.7,129013.4,151046.4,163909.9,189502.7,194978.6,207236.0,202100.4,209985.5,215589.9,236825.8,242305.0,9466.4,14770.6,18705.2,25379.6,29940.8,37046.2,42470.6,50245.8,68434.5,81076,106223.2,107914.5,117879.5,136325.1,146045.5,167037.9,170310.3,179436.3
Свердловская область,102.2,102.5,100.5,97.4,110.5,112.3,109.8,102.7,88.5,111.6,108.9,106.9,101.8,100.0,97.2,101.9,2.8,2.8,2.7,2.7,2.7,3.244082145580939,2.936921135645039,2.712650475220032,2.7870587963282283,2.6868837701724724,2.649088497564604,2.6092869610256453,2.6,2.9,2.9,2.7,2.6,2.8,2.8,3.0,2.9,2.8,2.8,102.1,102.3,100.3,97.2,92.1,101.6,112.1,108.6,104.2,109,108.9,109.5,111.5,109.4,102.5,88.4,111.4,108.9,107.1,102.0,100.1,97.3,101.9,487246.6,522156.2,560977.3,587781.9,588270.0,15825.7,24476.2,34214.7,44119,52241.3,63865.6,82546.5,108697.2,150548.6,189763.4,213922.3,191415,243234.2,300068.8,344382.7,363261.5,383847.2,421100.7,2109619.1,2259526.0,2423689.4,2535215.0,2529780.9,73056,112407,156077,199859.1,234866.4,284576.3,364368.8,475575.5,653908.3,820792.5,923550.8,825267.4,1046600.1,1291019.1,1484879.0,1568655.2,1659783.9,1822835.0
Тюменская область,102.5,106.1,100.1,92.9,110.6,105.7,102.5,103.1,93.6,105.2,101.9,98.3,101.2,97.1,98.2,99.4,8.3,8.9,9.8,9.4,7.8,8.375363430584896,8.261397398818069,9.920451490488267,10.502336351177794,10.281430764257692,10.402814791332975,11.004727095126409,12.3,11.3,9.9,9.2,9.0,8.8,9.1,9.3,9.2,8.9,8.9,103.6,107.1,101.0,93.6,97.1,101.9,109.4,110.4,104.9,108.2,106.5,110.8,106,103.1,103.8,94.3,106,103.1,99.8,102.4,98.1,99.2,100.5,1683993.8,1930537.3,2393355.2,2393544.7,1934463.9,58587.7,98130.1,176917.9,232236.3,275622.5,341146.7,467803.8,673208.3,773076.2,831305.3,934229.6,852920,973332.6,1198186.0,1327227.1,1402915.6,1485863.5,1626160.4,6125961.8,7097070.2,8875003.7,8952460.5,7287696.1,188611.3,316194.7,570790.2,753119.2,898722.4,1117514.4,1536733.7,2215584.4,2551355.4,2758813.1,3121401.3,2870284,3301573.3,4112596.0,4625467.5,4950207.4,5295348.5,5851557.8
Челябинская область,101.9,101.4,99.7,101.5,109.1,111.3,113.9,101.7,86.0,106.1,105.3,102.3,101.4,102.6,99.3,96.8,1.8,1.8,1.7,1.6,1.7,1.9810100234127561,2.067150192083322,2.0953750645066367,1.9866480512352573,1.972795739980986,2.049679051466907,2.085172814968656,1.9,2.0,2.1,2.0,1.7,1.7,1.7,1.7,1.6,1.7,1.8,101.8,101.0,99.3,101.0,83.1,108.4,110.7,103.1,100.9,108.5,104.9,108.3,110.6,113.4,101.5,85.9,106,105.3,102.4,101.5,102.8,99.5,96.9,380623.8,405015.2,436611.1,445834.3,467537.3,12152.2,21580.9,33012.3,39216.5,47775.7,61444.7,81894.8,99159.8,127442.5,164797.5,190565.5,159901,187673.7,222664.2,241758.0,252988.8,284486.7,345597.1,1332761.4,1416613.3,1521325.4,1547518.0,1615149.2,44611.9,79117.6,120561,142461.9,172446.4,220185.2,291179.9,349957.2,446918,575643.7,664492.7,556985.3,652865.5,774401.0,841972.2999999999,882339.6,993900.6,1209242.7
Сибирский федеральный округ,102.5,102.7,101.5,97.1,105.8,107.1,108.0,104.3,96.0,104.5,105.1,102.9,102.0,101.5,98.7,100.3,9.5,9.8,9.600000000000001,9.7,9.6,12.34538977409854,11.245055521727618,11.04462931113413,10.86224172629855,10.402397871454818,10.278849279752363,10.788951951738323,9.9,10.100000000000001,10.000000000000002,9.399999999999999,9.8,10.3,9.799999999999999,9.7,9.600000000000001,9.7,9.6,102.4,102.4,101.2,96.6,92.4,104,107.5,106.9,104.1,107.5,108.8,104.9,106.2,107.3,103.8,95.8,104.5,105,103.1,102.4,102.1,98.8,100.5,404112.9,443783.8,505859.0,530177.0,529091.0,15095.1,23485.6,34893,43055.2,50622.8,61979.9,85348.1,103308.6,130346.4,160685.1,184543,181395.6,222853.7,258724.1,278948.3,298171.0,331412.9,369286.3,6975354.300000001,7653768.9,8701658.8,9090340.499999998,9026904.3,278015.39999999997,430390.50000000006,635471.7,778927.8999999999,909296.3999999999,1104197.5,1506602.2,1806739.4000000001,2260554.6999999997,2772400.7,3177169.3,3121312.5,3831126.3,4445440.699999999,4798101.9,5134467.899999999,5712688.699999999,6371103.100000001
Республика Алтай,97.4,103.9,104.4,101.2,101.7,104.1,107.1,106.3,95.6,100.4,102.0,97.9,99.5,107.5,99.4,102.3,0.1,0.1,0.1,0.1,0.1,0.0678337150348971,0.05712008137168668,0.047578315036263114,0.06274466535774068,0.06075353881984793,0.06426762199921873,0.06098907003279949,0.0,0.1,0.1,0.1,0.1,0.1,0.1,0.1,0.1,0.1,0.1,98.1,104.3,104.9,101.7,90.6,104.8,109,119.5,95.5,114.9,107.9,101.5,104,107.5,107,96.2,100.8,102.7,98.8,100.3,108.4,100.2,103.1,219520.8,222562.9,247496.8,259944.1,283451.4,7596.2,10817.6,13505.1,22164.4,26160.6,34042.3,42067.6,43592.3,57555.4,74633.6,91713.1,97112.1,108729.5,127150.1,145400.1,157887.4,184281.7,196639.2,47434.9,48415.2,54069.4,57064.0,62520.3,1527.6,2186.2,2737.5,4499.4,5310.6,6903.9,8516.7,8805.8,11609.4,15108.5,18701,19911.6,22393.7,26380.8,30444.6,33313.5,39191.9,42165.7
Республика Тыва,100.9,99.1,100.9,94.5,100.2,104.2,106.1,99.6,99.1,103.7,100.6,101.7,100.6,104.1,98.0,100.3,0.1,0.1,0.1,0.1,0.1,0.08696800922744566,0.07127338302708998,0.062466199843592064,0.07247556891968926,0.0783346103481766,0.07559932962239534,0.0704546321365902,0.1,0.1,0.1,0.1,0.1,0.1,0.1,0.1,0.1,0.1,0.1,101.9,100.0,101.8,95.4,95.3,106.1,103.1,114,103.5,105.8,105.4,99.9,103.9,106.2,100.1,99.7,104.2,100.9,102.1,101.0,104.6,98.6,101.1,182914.4,203160.1,228064.8,243389.3,251799.9,6404.6,8908.8,11749.3,17012.1,22421,26607.4,32309,38429.7,50051.7,63959.4,78381,87889.5,99999.9,108178.0,120582.9,132745.7,146906.9,150265.5,58001.1,65038.9,73681.6,79321.3,82810.7,1958.5,2727.9,3594.1,5197.2,6847.4,8121.2,9838.5,11662.5,15146.8,19384.2,23870.5,26921.9,30772.8,33398.9,37369.1,41298.7,45947.9,47289.6
Республика Хакасия,100.0,102.3,101.9,101.1,103.8,103.3,103.8,102.7,99.4,102.2,105.2,105.3,103.8,101.6,98.2,101.3,0.3,0.3,0.3,0.3,0.3,0.36229491635684635,0.3446826683193222,0.30273017319931855,0.2794741162009337,0.29084386763805214,0.26967099685971224,0.23705368116626846,0.2,0.2,0.2,0.2,0.3,0.3,0.2,0.3,0.3,0.3,0.3,100.1,102.2,101.6,100.7,91.3,99.2,107.8,103.7,96.8,103.4,103.9,103.1,102.7,103.6,102.8,99.5,102.2,105.1,105.4,104.0,101.9,98.5,101.5,386695.7,405788.7,451421.5,478914.6,500422.8,14496.9,23582.9,31333.2,36306.2,46443.7,53320.2,61336.4,77864.6,100828.4,119953.2,136023.7,152205.1,180352.1,212487.7,245293.7,265860.7,296058.1,317763.6,207742.6,218148.4,242341.1,256322.3,266799.9,8158.8,13192.3,17418.1,20041,25423.3,28969.2,33102.9,41727.5,53689.3,63722,72308.8,81019.9,96039.8,113088.1,130638.5,141850.5,158372.8,170413.1
Алтайский край,101.3,102.7,103.0,99.9,102.9,111.7,110.6,104.0,95.2,103.6,104.4,102.0,105.2,100.7,100.8,99.4,0.7,0.7,0.6,0.7,0.7,0.9487616994397147,0.8473325912234115,0.812295230753177,0.8625669264577134,0.8363524392569861,0.8260082247922589,0.8223860529432421,0.8,0.8,0.8,0.8,0.8,0.8,0.7,0.7,0.8,0.8,0.7,100.7,102.0,102.3,99.1,96.7,102.8,111.7,107.1,103.8,107.7,107.2,101.6,110.2,109.5,103.3,94.7,103.2,103.9,101.6,104.9,100.4,100.5,99.0,224525.8,231268.4,247599.3,270172.3,291156.9,8012.4,12204.8,17660.5,23509,27991.2,34295.8,44934.9,53812.4,69852,90759.9,106019.5,109088.7,124955.8,137677.2,153556.7,173763.5,186798.6,204933.1,532401.5,545303.0,579740.5,628146.1,671626.9,21365.9,32430.6,46736.8,61854.4,73107.4,88733.3,114840.5,135686.4,173810.5,223563.4,259343.1,265613.3,302900.7,332117.8,368995.2,416110.3,446023.8,487903.3
Красноярский край,103.1,103.3,100.5,94.2,104.4,105.5,106.6,104.8,98.6,105.9,105.6,105.5,102.6,100.8,97.6,101.2,2.5,2.5,2.6,2.8,2.9,3.115044444271757,3.253312877192217,3.7308820336565622,3.3387402275748483,2.642593609825046,2.5387847079159505,2.617058919378833,2.4,2.6,2.6,2.2,2.3,2.8,2.6,2.4,2.3,2.4,2.5,103.3,103.3,100.3,93.9,93.6,105.1,105.1,106.3,104,105.6,106.4,103.3,104.4,106,104.6,98.5,105.8,105.7,105.8,102.9,101.0,97.8,101.5,634610.4,687442.8,825925.0,939382.4,951613.7,22937.6,41021.4,71281,80038.8,77729,92547.5,125287.8,152389,205042.4,258394.3,260318.2,264478.7,372848.1,413172.4,416272.7,441084.9,493985.7,582345.8,1821899.9,1977016.1,2374749.9,2696158.9,2722640.0,70150.1,124516.5,214662.7,239420,230994.9,272727,365454.1,439736.9,585881.9,734154.8,737950.5,749194.8,1055525,1170827.3,1183228.0,1256934.1,1410719.9,1667041.1
Иркутская область,103.2,102.7,102.2,98.4,109.6,113.2,109.9,104.1,100.4,107.2,104.8,109.5,102.1,104.9,100.5,102.9,1.5,1.6,1.6,1.6,1.6,2.2390188179055963,2.0301431098150675,1.790401106660311,1.6767610264956971,1.603848351040093,1.5632143261381255,1.527066287163843,1.4,1.5,1.4,1.3,1.4,1.4,1.4,1.5,1.5,1.5,1.5,103.0,102.5,101.9,98.0,90.6,101,105.2,102.8,101.2,105.3,106.1,108.3,112,109.1,103.7,100.1,106.8,104.5,109.4,102.0,104.8,100.4,102.8,472533.3,527025.3,608298.6,643245.8,631591.9,18834.6,29255,39115.2,46044.3,54156.9,65468.6,84014.3,102904.3,133413.7,163588,178988.3,187688.7,224364.2,261550.4,304545.5,332700.5,379171.6,414986.5,1139206.8,1268311.7,1460512.2,1540237.8,1505151.1,50422.2,77701.2,103013.8,120240,140195.9,167927.1,213244.2,258095.5,330834.3,402654.7,438852.4,458774.9,546141,634561.4,737971.6,805197.5,916317.5,1001717.6
Кемеровская область-Кузбасс,102.5,102.5,100.8,97.0,107.9,108.1,107.3,102.3,93.0,103.0,102.7,96.1,96.3,102.4,99.3,97.3,1.2,1.4,1.4,1.2,1.1,1.9045572169348939,1.6850032091181018,1.5421126920069617,1.5869572535546876,1.557639694014309,1.5350642531466805,1.75062055002034,1.6,1.5,1.6,1.7,1.6,1.7,1.7,1.4,1.2,1.3,1.3,102.1,101.9,100.1,96.2,91.9,108.2,106.8,104.6,103.8,107,104.7,106.8,107.2,106.8,102.1,92.9,102.7,102.3,95.8,96.0,102.1,99.0,97.0,332941.6,406335.3,471742.7,416418.6,392374.9,14326.3,21682.1,30047.8,38839.7,46860.1,57302.3,85850.4,104764.5,122394.2,157302.2,207286.2,184674.1,226198.1,272564.2,261527.1,243932.3,275513.8,309904.3,903348.9,1097861.0,1266424.5,1110194.8,1038086.7,42890.2,64491.4,88728.1,113800.2,136156.7,164903.1,244462,295378.4,342210.6,437790.2,575901.9,512408,625914.9,751198.4,718320.4,667950.5,752024.0,843345.4
Новосибирская область,103.4,103.4,102.5,98.7,109.3,108.9,111.9,105.7,89.0,104.3,107.9,100.7,104.2,101.8,97.4,100.5,1.5,1.5,1.4,1.4,1.4,1.5275019399616558,1.378137577564574,1.2515955898490976,1.328954436027202,1.4080930495370716,1.4316965148822611,1.373693101842359,1.3,1.3,1.3,1.3,1.3,1.3,1.3,1.5,1.5,1.5,1.5,103.9,103.6,102.7,98.6,95,104.7,113.7,111.6,105.4,109.7,110,108.9,108.5,111.7,105.7,89.4,104.6,108.4,101.5,105.0,102.5,98.0,101.1,387887.1,423663.3,466347.9,476753.2,485981.4,12586.1,19322.5,26472.3,35177.3,45659.6,57360.1,71843.4,88475.5,111679.3,138199.1,171430.3,160210.4,181732.7,223623.0,269870.4,300522.5,332683.2,370895.7,1074794.7,1179564.2,1301631.1,1332895.8,1356861.5,34399,52746.5,72012.7,95298.9,123084.5,153798.9,191826.7,235381.8,296064.5,365531.2,453574.6,425400.2,484141.3,598563.5,728154.0,817516.7,911219.0,1021642.9
Омская область,102.3,100.7,102.4,100.3,107.1,101.4,105.8,104.5,97.0,103.0,106.3,101.9,105.1,101.9,96.9,98.6,0.9,0.9,0.8,0.8,0.8,1.1925074739867516,0.881405548005415,0.7999830925352084,0.8581226172499272,1.0596771214706526,1.0707965678470333,1.3812165694972556,1.2,1.2,1.1,1.0,1.1,1.0,1.0,1.0,1.0,1.0,0.9,101.8,100.0,101.5,99.3,87.6,101.1,107.9,112.7,107.8,110.7,128.5,106.1,100.6,105.2,104.1,96.8,102.7,106.1,101.8,105.1,102.0,97.0,98.5,338878.9,355839.6,377061.9,398927.3,398641.0,12458.3,15727.1,21643.1,29219.2,44424.1,55729.2,94389.6,108970.6,130614.3,148129.3,174709.8,169327.8,193216,228486.6,248940.0,279510.4,304957.6,312450.2,669480.4,699716.5,736076.8,772095.9,763465.3,26855,33734.7,46028.4,61535.7,92628.7,115029.5,192877.3,220686.1,262506.7,296004.7,347760.3,336259.6,382620.4,451418.8,491507.6,551734.0,602605.1,618127.7
Томская область,99.0,101.1,100.1,93.3,96.9,103,103.9,102.0,95.8,103.9,102.8,102.9,101.2,99.7,100.1,100.7,0.7,0.7,0.7,0.7,0.6,0.900901540978984,0.6966444760907311,0.7045848775936397,0.7954448884601107,0.8642615895045854,0.9037467365487264,0.9484130875567933,0.9,0.8,0.8,0.7,0.8,0.8,0.7,0.7,0.7999999999999999,0.7,0.7,99.1,101.0,100.1,93.0,92.4,104.2,109.9,110.8,109.2,111.8,105,96.2,102.7,104,102.4,96.5,104.7,103.6,103.6,101.8,100.2,100.4,100.9,483420.8,514001.1,568191.7,573005.2,518179.5,19078.5,25149.2,38386,54221.6,72107.4,93193.8,128090.8,155365.2,184433.6,209319.9,241911.3,237293.3,272576.5,317037.4,350116.9,377218.0,401259.7,438316.5,521043.5,554393.9,612431.7,617903.6,556941.9,20288.1,26663.2,40539.5,57041.1,75547,97084.3,132439.3,159578.5,188800.7,214487,248906.2,245808.3,284676.7,333885.7,371472.9,402562.1,430266.8,471456.7
Дальневосточный федеральный округ,100.3,103.7,103.3,98.5,105.7,106.3,110.1,103.8,101.8,107.1,105.7,98.9,99.4,102.1,100.9,100.5,6.1,6.0,6.299999999999999,6.2,6.5,7.467792195969987,7.104048191770053,6.263836816824932,6.3724170468361585,6.332597173629968,6.204305875751516,5.754877718443484,5.3999999999999995,5.199999999999999,5.3,5.3,6.299999999999999,6.3999999999999995,6.3999999999999995,6.2,5.8999999999999995,6.1,6.2,100.1,103.4,103.0,98.1,92.1,106.5,103.7,106.1,103.7,106.1,106.1,104.6,105.4,109.5,104,100.8,106.3,105.4,98.9,99.1,101.1,100.5,99.9,543020.9,568274.0,682108.5,730003.2,741938.3,18058.8,29620.2,39782,51048.3,62521.4,76007.9,92547.2,112957.3,138766,176727,213516.9,237943,287688.4,346131.2,371177.5,390089.9,438784.7,487852.1,4481568.0,4679280.8,5597118.0,5970632.299999999,6044295.000000001,168173,271898.60000000003,360400.60000000003,456963.99999999994,553546.2000000001,666492.7999999999,803628.7000000001,970981.7,1181517.5999999999,1495391.1,1799908.4000000001,2000294.8000000003,2410988.7,2890065.3000000003,3090998.6,3239564.1,3634851.4,4033862.499999999
Республика Бурятия,98.1,104.4,104.0,100.0,105.2,106.1,107.8,105.3,92.4,103.2,103.7,100.5,100.7,98.0,99.2,93.2,0.3,0.3,0.3,0.3,0.3,0.49467634556739576,0.42288508143504605,0.3749692631049712,0.4194008279105184,0.4334006404964653,0.48642376622786776,0.4577277434794573,0.4,0.4,0.4,0.4,0.4,0.4,0.3,0.3,0.3,0.3,0.3,98.2,104.4,104.1,100.1,94.1,108,104.9,106.4,106.4,106.7,103.7,104.8,105.8,107.7,105.4,92.6,103.5,103.8,100.5,100.8,98.3,99.6,93.5,224534.7,228171.1,262811.9,289954.4,307558.8,10953.8,16039.5,21555.1,30314.6,38524,53479.2,65707.2,77313.2,94965.1,111354,129145.4,125172.5,137564.9,158136.6,169552.9,181828.2,191043.9,206880.3,220764.6,224594.1,258578.6,285490.6,303155.8,11140,16185.4,21574.5,30075.1,37884.5,52253.7,63918.5,74912.9,91712.4,107442,124738.5,121187.7,133525.6,153624.1,164737.8,176888.9,186492.9,202823.4
Республика Саха (Якутия),100.5,103.7,103.6,90.0,104.7,103.2,104.3,107.1,97.6,101.6,107.2,103.3,101.0,103.1,101.4,103.7,1.2,1.2,1.3,1.3,1.2,1.4934607472765604,1.6395255704594442,1.4244886691134755,1.40737480888564,1.3169455812296758,1.2377477249476847,1.0992075552859222,1.0,0.9,0.9,0.9,1.0,1.0,1.1,1.1,1.0,1.0,1.1,100.7,103.9,104.0,90.7,94.1,106.6,107.8,101.8,101,104.3,107.7,104.9,103.4,104.5,107.2,97.6,101.6,107.1,103.2,100.9,103.2,101.7,104.0,925293.3,977633.1,1166833.3,1266298.6,1168152.5,34109.9,64704.9,85375.5,105733.3,121163.1,140065.1,161309,191896,216535.9,253423.5,322922.2,342520.1,403658.5,508674.4,566387.0,597037.4,688540.1,780139.8,889449.3,942029.6,1126774.7,1227680.3,1141265.2,33632.4,62750.8,81960.4,100922.4,115117.1,132964.1,153496.7,183027,206845,242656.5,309518.3,328201.7,386825.1,486830.9,541306.8,570284.7000000001,658140.4,747601.7
Забайкальский край,104.7,101.7,103.0,105.1,104.6,106.6,112.4,109.4,100.8,103.8,108.2,102.7,98.5,94.6,99.4,100.5,0.4,0.4,0.4,0.4,0.5,0.5712579277546068,0.5430326864975752,0.521833745255812,0.490020301582149,0.5097206577315897,0.49472543127210405,0.4387028086624345,0.4,0.4,0.4,0.4,0.5,0.4,0.4,0.4,0.4,0.4,0.4,104.2,101.1,102.4,104.5,86.8,109.8,109.2,107.5,101.6,107.4,103.4,103.7,105.7,111.8,109.1,100.7,103.7,107.8,102.2,98.1,94.2,99.1,100.1,258225.0,284969.1,317815.5,347663.4,402594.6,10602.1,17321.4,25320.1,29979.7,38443.3,46308.5,53845.5,61741,81066.2,99544.9,126362.1,133973.5,150548.9,184869.1,204112.1,209780.8,215668.4,228215.0,279140.7,306596.5,339838.9,369476.5,425378.2,12864.6,20783.9,30024.6,35139.2,44555.8,53145.5,61261.8,69647.1,90732.1,110822.4,140302,148587.9,166742.5,203869.0,223968.8,229239.4,234840.8,247666.2
Камчатский край,101.2,106.5,100.3,100.3,107,107.7,107.2,105.1,105.9,100.0,104.0,102.4,99.5,101.4,102.5,103.6,0.3,0.3,0.3,0.3,0.3,0.5185753410058493,0.3898180358838582,0.3152891103482514,0.3211797815530684,0.2960902753702825,0.27691144883482666,0.2516365762095121,0.2,0.2,0.2,0.2,0.3,0.3,0.3,0.19999999999999998,0.2,0.2,0.3,101.1,106.5,99.9,99.8,91.8,92.9,106.3,96,96.4,105.8,94.1,104.9,105.7,105.8,104.2,105.2,99.5,103.5,102.2,99.5,100.9,101.9,103.2,710448.2,724011.6,835029.8,889982.3,942802.0,30380.4,39638,49108.7,63274,71934.1,83980.4,101205.1,129240.8,168173.2,200610.1,238404.5,291953.6,319849.2,356413.4,397725.9,416493.0,457553.1,553863.9,224091.0,228167.2,263151.3,279337.8,294476.60000000003,11678.2,14919.8,18140.7,23031.7,25881.9,29747,35139.3,43974.3,56119.8,66076.8,77854.3,94643.2,103123.2,114375.9,127412.7,133364.0,145761.3,175404.8
Приморский край,102.3,102.3,105.4,99.2,106.6,105.2,107.4,107.7,102.7,112.1,107.7,93.3,97.7,101.7,99.7,98.0,1.2,1.1,1.1,1.1,1.2,1.3931355886104546,1.3910890112558854,1.0791109454352594,1.0155685811017823,1.1077665230040223,1.1108638774269861,1.0906457259234679,1.0,1.0,0.9,0.9,1.2,1.2,1.2,1.1,1.1,1.1,1.1,101.9,101.8,105.0,98.5,93.9,106.5,98.3,100,104.6,105.8,108,105.5,104.1,106.6,107.2,102.4,111.7,107.3,93.1,97.4,101.3,99.5,97.7,446924.1,472486.5,506052.1,563015.1,582950.7,14394,24716.7,29139.9,34628,46632.5,57986.3,74713.1,92504.2,108099.2,130632,160416.7,187556.4,240220.7,281618.3,286057.3,297224.3,331845.1,371595.6,860803.6,906265.0,965485.2,1069330.7,1099944.0,31373.1,53242.2,62088.5,72826.1,96832.3,119333.7,152301.1,186623.3,215934.4,259041.4,316581.9,368996.7,470679.2,549722.8,557489.3,577473.9,642423.0,717609.9
Хабаровский край,101.7,102.2,100.1,101.2,105.7,106.7,105.9,102.9,93.2,111.3,102.8,100.5,101.4,101.1,95.9,100.3,0.9,0.9,0.8,0.8,0.9,1.3015050105962427,1.0531211269968155,1.1261469980316572,1.1140964200622172,1.156001213194608,1.0827919990827395,0.9547950734448991,0.9,0.9,0.8,0.8,0.9,0.9,0.9,0.9,0.9,0.9,0.9,101.5,101.8,99.6,100.4,93.7,109.2,111.6,108.1,106.4,104.1,105.5,104.2,105.3,105.1,102.6,93,111,102.5,100.5,101.3,101.0,95.7,100.1,504272.3,524460.5,574833.3,610678.9,658239.5,19517.6,27162.8,44171.2,54983.9,70162.9,81613.4,94795.1,116257.5,141994.7,170398,198951.6,205081,262685.8,297609.2,326306.5,371415.6,402759.5,445809.5,672660.4,697951.0,761589.2,805215.6,861230.6,29309.6,40306.9,64794.8,79891.5,101048.6,116318.1,133330.5,161194.4,194259.6,231293.2,269178.6,276895.4,353590.3,399594.2,437994.3,498067.2,539338.4,595792.3
Амурская область,97.8,101.8,114.6,102.2,104.7,104.7,110.1,105.7,98.9,106.6,109.0,98.0,89.9,103.5,104.0,99.1,0.4,0.4,0.4,0.4,0.5,0.6410410405965423,0.5402213605641777,0.457363607613615,0.5445959166295007,0.5230105658487549,0.4952318347015799,0.4601030853994357,0.4,0.4,0.4,0.4,0.5,0.5,0.5,0.5,0.4,0.4,0.4,97.3,101.3,114.0,101.5,89.4,104,106.3,117.5,96.6,104.1,103.3,103.1,103.2,109,105,98.3,106,108.1,97.3,89.4,103.1,103.7,98.6,370192.4,373935.1,419905.2,499757.1,571362.1,15103.7,21935.4,28317.2,42578.3,50449.6,59480.3,72937,88597.1,111116.2,131887.8,156329.6,180572.3,214827.2,273175.8,280023.9,258817.0,286282.6,343385.7,297531.0,299181.0,334164.4,395617.2,449059.2,14436.1,20676.3,26315.2,39052.8,45717.5,53199.9,64250.2,76861.2,95090.9,111761.2,131563.7,151118.6,178689.6,225401.7,229407.1,210700.9,232053.0,277380.4
Магаданская область,107.0,104.5,106.7,105.8,100.1,102.4,101.2,107.2,100.8,105.9,103.9,105.0,105.4,104.5,103.5,99.4,0.2,0.2,0.2,0.2,0.3,0.31010078919527395,0.27535056332988495,0.22610779523808766,0.23918109133436125,0.25596886988030226,0.2264470438434501,0.1762515162408293,0.2,0.1,0.1,0.1,0.1,0.2,0.2,0.2,0.2,0.2,0.2,106.1,102.9,105.2,105.0,81.2,96.9,101.8,102.6,105.2,94.6,100,97.9,100.4,99.3,105.3,99.3,104.4,102.4,103.6,103.9,103.0,102.2,98.6,1054274.8,1117517.3,1236274.4,1524002.3,2035007.0,32315.5,50936.4,65704.6,89987.5,121272.5,135180.6,139840.3,157798.9,185017.6,213449.6,258848.1,299403.8,377895,464112.9,511125.4,587477.4,649745.4,854561.5,153879.8,161851.2,176370.6,214414.9,284070.7,6983.4,10538.7,13009.5,17151.6,22374.8,24325.9,24612.3,27167.8,31203.2,35314.4,42053.8,47895.9,59619.7,72174.2,78417.9,88905.9,96936.8,125798.3
Сахалинская область,94.1,106.6,100.5,98.5,110.5,114,127.7,96.5,111.8,108.9,104.9,97.8,101.8,101.2,103.5,100.1,1.0,1.0,1.2,1.2,1.1,0.5599745112906324,0.6863685049977459,0.6044314381794054,0.6573742719985846,0.5392817514517885,0.5877556509991557,0.65688623510053,0.7,0.7,1.0,1.0,1.2,1.3,1.3,1.3,1.2,1.4,1.3,94.4,106.8,100.3,98.1,95.9,119,84.7,116.6,106.3,116.4,117.3,108.8,112.2,126.3,95.7,110.9,108,104.3,97.5,101.4,100.7,103.1,100.0,1564707.9,1605079.4,2517125.0,2397445.2,2059206.5,21428.2,45662.9,61595.8,84769.1,85927.4,116731,172004.4,230298.2,321108.8,559774.1,657783.3,779943.2,977256,1210003.9,1298440.0,1364874.7,1631919.0,1716734.4,762510.3,784503.4,1233164.7,1172226.1,1002707.9,12610.5,26269.9,34777,47140.1,47139.8,63139.2,91729.6,121014.1,166105.4,286273,333581.6,392380.1,487659.5,600247.9,641886.4,671743.6,799165.4,837495.2
Еврейская автономная область,109.7,101.8,98.6,102.6,106.3,107.1,120.4,101.2,95.8,117.6,105.8,102.5,83.5,101.9,99.6,99.5,0.1,0.1,0.1,0.1,0.1,0.06705662023710272,0.07906200998569385,0.06576670104008023,0.06678177711065571,0.07823279388760782,0.07972688992808541,0.08042576897523311,0.1,0.1,0.1,0.1,0.1,0.1,0.1,0.1,0.1,0.1,0.1,108.4,100.5,97.4,101.5,86.9,105.1,102.9,108.5,109.3,107.5,112.8,104.4,105.3,119.4,100.8,95.5,117,104.8,101.5,82.5,100.6,98.3,98.3,294021.2,338826.6,339068.1,357287.3,400340.5,7535.3,15344.9,19484.8,24877.5,35766,45196.1,60029.9,77319.2,99578.4,132505,134377.5,142388,178380.6,225065.5,246301.3,224042.7,247666.9,266405.8,48563.2,55268.0,54577.8,56847.6,63014.4,1510.1,3026,3784,4788.9,6838.5,8564.6,11230.9,14204.2,17976.8,23726.1,23977,25320,31555.9,39467.0,42743.6,38428.7,41948.1,44554.8
Чукотский автономный округ,100.9,104.0,103.6,101.0,85.3,104.4,113.1,118.2,115.2,84.1,96.0,99.3,100.8,115.1,101.2,96.5,0.1,0.1,0.1,0.1,0.1,0.11700827383932565,0.0835742403639256,0.06832854346431592,0.09684326866768146,0.11617830153487056,0.12568020848703662,0.08849562972176189,0.1,0.1,0.1,0.1,0.1,0.1,0.1,0.1,0.1,0.1,0.1,100.1,103.8,104.5,100.9,78.4,92.3,105.1,129.4,142,125.9,92,85.6,105.5,113.6,117.4,113.4,82.7,95.8,99.7,100.4,114.9,100.8,95.8,1443771.7,1469675.0,1685134.1,1900850.8,2404271.2,37859.4,49746,65963,123130.9,187368.1,256992.1,238227.2,237134.5,295107.1,396907.1,582270.4,872422,767845.6,883368.7,896822.1,877612.8,1142504.1,1226152.0,72174.1,72873.8,83422.6,94995.0,119992.4,2635,3198.7,3931.4,6944.6,10155.4,13501.1,12357.8,12355.4,15538,20984.1,30558.7,45067.6,38978.1,44757.6,45633.9,44466.9,57751.3,61735.5
